text,generated
" When people seek advice, they often turn to multiple sources. Have you ever wondered why this is the case? If you do not seek advice from others, you could benefit from this skill. Seeking advice can help you make better life choices, understand things more clearly and quickly, and learn from them. It is especially important for individuals in leadership positions, such as mayors of cities, to seek advice from their community in order to address problems and concerns. If a city lacks a voice in the community, it could fall into a bad place that no one wants to be in.

In today's world, we make many important decisions in our lives, both big and small. These decisions can greatly impact our future and success. Advice from others can help us make wiser choices when we make our own. For example, if Abraham Lincoln had not received advice from others about the treatment of African Americans, he may not have signed the documents to abolish slavery. This shows the importance of seeking advice and listening to different perspectives.

Advice can also help us become more resilient and better equipped to handle challenges in life. For instance, if a parent or guardian gave you advice to never give up on things or to persevere through difficult situations, this advice could have a lasting impact on your life. It could help you develop a mindset that makes you more successful and a hard worker.

In conclusion, seeking advice is an important part of making informed decisions in life. It is essential for leaders and individuals in positions of power to seek advice from their community in order to address problems and concerns. Advice can also help us become more resilient and better equipped to handle challenges. By seeking advice and listening to different perspectives, we can make wiser choices and ultimately lead more successful lives.",1
" When seeking advice, people often turn to multiple sources to ensure they receive a well-rounded perspective. While this approach can be beneficial, it can also lead to confusion and indecision. It's important to weigh the opinions of others with our own thoughts and intuition to make the best decision possible.

One way to approach this is to ask for advice from trusted adults who have experience and knowledge in the area we need guidance on. These individuals can provide valuable insights and help us navigate the decision-making process. Additionally, it's important to listen to our own instincts and consider the potential consequences of each option.

It's also important to remember that ultimately, the final decision is ours to make. We must take responsibility for our choices and consider the potential outcomes before making a final decision. While it's important to seek advice and guidance from others, it's equally important to trust our own judgment and make decisions that align with our values and beliefs.

In summary, seeking advice from multiple sources can be beneficial, but it's important to weigh the opinions with our own thoughts and intuition. Trusting our own judgment and making decisions that align with our values and beliefs is ultimately the key to making the best choices for ourselves.",1
" In life, everyone has their own unique strengths and weaknesses, and it is important to recognize and embrace them in order to grow and succeed. It is easy to get stuck in a comfort zone and not challenge yourself, but in order to truly achieve your potential, you must step outside of your comfort zone and try new things.

One of the key principles of personal growth is to constantly strive to improve and learn from your experiences. This means taking on challenges that may be difficult or unfamiliar, and pushing yourself to be better than you were before. It is important to remember that growth is not always easy, and it may take time and effort to achieve your goals.

In my opinion, it is important to always be open to learning and growth, and to never stop pushing yourself to be the best version of yourself. This means constantly seeking out new opportunities and experiences, and being willing to take risks and make mistakes along the way.

It is also important to surround yourself with supportive people who will encourage and motivate you on your journey. Whether it is a mentor, a friend, or a family member, having someone who believes in you and your goals can make all the difference in your ability to achieve them.

In conclusion, I believe that personal growth is an ongoing process that requires constant effort and dedication. By stepping outside of your comfort zone and challenging yourself to be better, you can achieve great things and continue to grow and develop as a person.",1
" In my experience, I agree that being mastered in something can be a hindrance to growth.

Firstly, when you become too proficient in a particular skill or area, it can lead to complacency and a lack of motivation to continue learning and improving. For example, if you are a musician and you have mastered a certain song, you may become too comfortable with it and stop practicing or experimenting with new techniques. This can stagnate your growth as a musician and limit your potential.

Secondly, being too focused on mastering something can cause you to lose sight of the bigger picture. For instance, if you are a student and you have mastered a particular subject, you may become so focused on maintaining your mastery that you neglect other important areas of learning. This can lead to an imbalanced education and limit your overall growth as a person.

Thirdly, being too afraid to try again something that you love and that you think if you try again that will be a same way that you did the first time, but went you try again, you will have more experience because you will try to not get the same mistake that you got first time, and will have to look so careful to not get the same mistake because you have more experiences. we all can do the thing many time the thing is that you have to believe in you,

and you will look that you will grow not matter how hart and, how many time you get upset, you have to be positive and to be screed if already have mastered.

In conclusion, while being mastered in something can be a great accomplishment, it's important not to let it become a hindrance to growth. It's important to continue learning and experimenting, even if you have mastered a particular skill or area. By staying motivated and focused on growth, you can continue to improve and reach your full potential.",1
" Small acts of kindness can have a significant impact on others. These acts can be as simple as picking up trash or doing someone's chore, but they can also be as big as helping someone cross the street or mowing a neighbor's lawn. When we perform acts of kindness, we not only make a difference in someone's life, but we also change the way they think about things.

For example, if you help someone get across the street when there is too much traffic, you are doing an act of kindness that can help change their mind and make them think about the importance of safety. Similarly, if you help a neighbor settle in the community or mow their lawn, you are doing an act of kindness that can help them feel welcomed and appreciated.

One of the most important things about kindness is that it requires a positive mindset. If someone is asking for help, we should jump right in and help them, without hesitation. We should also be willing to ask for help ourselves if we need it. This shows that we are not only willing to help others, but we are also open to receiving help when we need it.

However, it is important to remember that not everyone takes kindness in the same way. Some people may be more independent and prefer to do things on their own, while others may value the help and support of others. It is important to be respectful of these differences and to find a balance between being helpful and allowing others to be independent.

In conclusion, small acts of kindness can have a significant impact on others. They can help change the way people think about things, make them feel welcomed and appreciated, and even open up opportunities. It is important to remember that kindness requires a positive mindset and to be respectful of others' differences. By performing small acts of kindness every day, we can make a big difference in the lives of those around us.",1
" Choosing a career at a young age: Is it the right decision?

The decision to choose a career at a young age can be a challenging one for many students. On the one hand, some students may feel confident and excited about their future prospects and be eager to start planning their career paths. On the other hand, others may feel overwhelmed or unsure about their goals and be hesitant to make such a significant decision.

While some people may believe that choosing a career at a young age is a good idea, there are also those who argue that it can be a hindrance to personal growth and development. For example, students who are forced to make a decision about their future at a young age may miss out on important experiences and opportunities that could help them to better understand their interests and passions. Additionally, students who are pressured to choose a career may feel like they are boxing themselves into a specific path, which could limit their future possibilities.

However, there are also several benefits to choosing a career at a young age. For one, students who are able to identify their passions and interests early on may be better equipped to pursue careers that they are truly passionate about. This could lead to greater job satisfaction and a more fulfilling life. Additionally, students who are able to plan their careers early on may be better able to prepare for the necessary education and training required to achieve their goals.

Ultimately, the decision to choose a career at a young age is a personal one that should be made with careful consideration of one's own goals and aspirations. While there are certainly pros and cons to this decision, it is ultimately up to each individual to weigh the potential benefits and drawbacks and make the best decision for their own future.",1
" As a student, I believe that having a 3-4 week break in the summer, a longer winter break, and a week off in the spring and fall is not a good idea. While the idea of having more breaks throughout the year may seem appealing, I believe that it would ultimately be detrimental to students.

Firstly, the school year is 9 months, and students should have a summer break that is consistent with this length. A longer winter break would mean that we would be getting out of school later on, which means less summer vacation. This is especially important for students who need a chance to relax and recharge after a long school year.

Secondly, if we were to have a longer winter break, we would be missing out on valuable lessons, quizzes, and tests that are crucial for our academic success. This would be particularly problematic for students who are struggling academically, as they would need to catch up on missed material before the school year ends.

Thirdly, having a break in the fall would interfere with the day we get out of school, which means we would probably have a little longer school year. This would be especially problematic for students who are already feeling overwhelmed with the amount of work they have to do.

Finally, having regular summer, winter, and spring breaks would be a better idea than having a shorter summer break, a long winter break, and a break for spring and fall. This would provide students with a consistent schedule that they could plan for, and would help them to better manage their time and prioritize their studies.

In conclusion, while the idea of having more breaks throughout the year may seem appealing, I believe that it would ultimately be detrimental to students. Regular summer, winter, and spring breaks would provide students with a consistent schedule that they could plan for, and would help them to better manage their time and prioritize their studies.",1
" Every student loves school, but not every person wants to be a student. In my introduction, I would like to highlight a few things that not all students can participate in online classes or attend conferences because they prefer to be physically present in class to see what their teachers are teaching them. This is important because not all students want to distance themselves from school. Even if they attend online classes, they may not be fully engaged. Now, let's talk about three more reasons why I believe this is not worth it.

Firstly, not all students would be able to take online classes. I personally believe that online classes are not worth it as a student. In my opinion, taking an online class is not the same as being in a physical classroom. The lack of interaction and personalized attention can make it difficult for students to fully understand the material.

Secondly, growing up, my mother always told me that the day I started going to school, Henry, make it your own. Because there was no technology, no internet to use for online classes. When she gave me one dollar to go to school, I had to walk four miles from my house to school. This experience taught me the importance of being physically present in class and actively engaging with the material.

Lastly, online classes can be isolating and can make it difficult for students to connect with their peers and teachers. Being in a physical classroom allows for more opportunities for collaboration and networking, which can be valuable for students' personal and professional development.

In conclusion, while online classes may be convenient for some students, they are not the same as being in a physical classroom. Not all students would be able to take online classes, and the lack of interaction and personalized attention can make it difficult for students to fully understand the material. Growing up, my mother always emphasized the importance of being physically present in class and actively engaging with the material. Finally, online classes can be isolating and can make it difficult for students to connect with their peers and teachers.",1
" Have you ever wondered how many enjoyable activities are available outside of the world? There are thousands of them out there waiting to be discovered. Whether you prefer spending time with your family or going solo, there are countless ways to have fun and unwind. In this essay, we will explore three reasons why it's important to step outside of your comfort zone and try new things.

The first reason why you should step outside of your comfort zone is to try something new. Whether it's going to a new restaurant or trying a new sport, stepping outside of your comfort zone can be a great way to challenge yourself and discover new interests. For example, if you've never tried rock climbing before, why not give it a try? Not only is it a great workout, but it's also a fun and exciting way to challenge yourself and push your limits.

The second reason why you should step outside of your comfort zone is to try something you've never done before. Whether it's going to a new city or trying a new type of food, stepping outside of your comfort zone can be a great way to broaden your horizons and expand your knowledge. For example, if you've never been to Paris before, why not plan a trip and experience all that the city has to offer? From the Eiffel Tower to the Louvre Museum, there's something for everyone in Paris.

The third reason why you should step outside of your comfort zone is to try something that you've always wanted to do. Whether it's skydiving or scuba diving, stepping outside of your comfort zone can be a great way to fulfill a lifelong dream. For example, if you've always wanted to go skydiving, why not book a jump and experience the rush of freefall? Not only is it a thrilling experience, but it's also a great way to challenge yourself and push your limits.

In conclusion, stepping outside of your comfort zone can be a great way to challenge yourself, broaden your horizons, and discover new interests. Whether you're trying something new, something you've never done before, or something you've always wanted to do, stepping outside of your comfort zone can be a great way to have fun and unwind. So why not take a chance and try something new today?",1
" I disagree with the school board's decision to increase the school hours. While it may seem like a good idea to give students more time to learn and complete their school work, the reality is that it will only create more problems for students and teachers.

Firstly, students already have a lot of responsibilities outside of school, such as homework, after-school activities, and family obligations. Adding more time to the school day will only make it harder for students to balance these responsibilities and still make time for their school work. This could lead to students falling behind in their studies and struggling to keep up with their coursework.

Secondly, teachers already have a lot of work to do, including lesson planning, grading assignments, and preparing for exams. Adding more time to the school day will only make it harder for teachers to manage their workload and still provide their students with the support and guidance they need. This could lead to teachers becoming overwhelmed and burnt out, which could have a negative impact on the quality of education students receive.

Finally, students already have a lot of pressure to perform well in school. Adding more time to the school day will only make it harder for students to manage their stress and anxiety, which could lead to mental health issues and other negative outcomes. This could also lead to students becoming disengaged from their studies and not taking their education seriously.

In conclusion, while it may seem like a good idea to give students more time to learn and complete their school work, the reality is that it will only create more problems for students and teachers. The school board should instead focus on finding ways to support students and teachers in managing their workload and balancing their responsibilities, rather than simply increasing the school day.",1
" I believe that online learning and studying is a great option for students who cannot attend traditional classes due to work or other commitments. It provides flexibility and convenience, allowing students to take classes at their own pace and from the comfort of their own homes.

One of the biggest advantages of online learning is that students can wake up later and take their classes in the afternoon or evening, which can be especially helpful for those who have to work during the day. Additionally, students can take their classes from the comfort of their own home, which can be a great way to relax and reduce stress.

Some people may argue that online learning is a waste of time, but I believe that it can be a great way to achieve your goals and make your dreams a reality. For example, my friend works from 8am to 5pm and is always tired, but by taking online classes, he is able to study and work towards his dream of becoming a mechanic.

In conclusion, I believe that if you have a dream and the opportunity to pursue it through online learning, you should take it. It may be challenging, but with determination and hard work, nothing is impossible.",1
" I strongly believe that attitude plays a crucial role in our lives. It's the energy that drives us forward and shapes the way we interact with the world around us.

Throughout my life, I have seen how people's attitudes can change dramatically, but it's always clear what kind of person they are. Those who cannot approach challenges with a positive attitude are like a machine without energy, unable to move forward.

One of the most significant influences on my own attitude has been my mother. She has taught me how to be a better person through her positive attitude, even during difficult times. Similarly, my cousin has shown me the power of attitude in shaping our personalities.

However, I have also learned that attitude can be challenging to maintain, especially during times of stress and adversity. For example, my family has faced some challenges, and it has been difficult to maintain a positive attitude during these times. Similarly, the events that have taken place in my country and the loss of my uncle have also tested my ability to maintain a positive attitude.

Despite these challenges, I have learned that it's essential to maintain a positive attitude. It's what sets successful people apart from those who struggle to achieve their goals. For example, my big brother is one of the kindest people I know. He has taught me how to approach difficult situations with a positive attitude and how to change people's minds with his kindness.

In conclusion, I believe that attitude is energy, and it plays a crucial role in shaping our personalities and our success in life. It's essential to maintain a positive attitude, even during challenging times, and to learn from those who have demonstrated the power of a positive attitude.",1
" One way to improve student achievement is to create a study group. I think creating a study group is an excellent idea for students as it can help them improve their grades, have more free time, less tired from school, and grateful to turn to that and get help from teachers and students at the same time.

First, of all, establishing a study group is creative because it helps students improve their grades. Students get more work done when teachers and other students are helping them. They also, get to study more and don't have to worry about failing the test. Let's say a student is having difficulties on a question on their homework. A student can stay after school and get help with the questions they have trouble with or needs help with.

Also, students have more free time after school. Students have the ability to spend time with their family and friends, and go places. A study group sounds like a group I would join because after I come home, I'd relax or go out or hangout with some friends. If I joined a group like that, I'd be happy because I wouldn't be the only one who struggles on work and we could help each other out on work we don't understand.

Furthermore, A study group helps students less tired. They don't need to worry their grades being bad because they had help from teachers and students. They get to sleep more and wake up the very next day and get ready for school. Students should have it easy because theses days students go through so much in life. Just imagine what their going through right now.

Next, Study groups and help students on many different things but at least they learn something new. Everyday Students these day try and try the best they can but they lose hope because they feel like they can't do anything. I believe every student has the courage to get something they done just like that.

Finally, I think creating a study group is great for the students because it helps students improve their grades, give them more free time when they get home, less tired from school, and grateful that they have this group.

Sincerely,
Generic_Name",1
" Life is short and it's important to make the most of it. Many people work hard and strive for success, but what truly matters is finding happiness in what they do. While some may believe that happiness comes from material possessions and financial stability, this is not always the case. In fact, many people who prioritize their work over their own happiness may find themselves feeling unfulfilled and unhappy in the long run.

Take, for example, a recent graduate who landed a job at Toyota. While they were initially excited about the opportunity, they soon found themselves feeling burnt out and unhappy with their job. It wasn't until they took a break and went on vacation that they realized the importance of taking time for themselves and pursuing their passions. During their vacation, they stumbled upon a flower farm and were inspired to start their own.

At first, they continued to work at Toyota part-time while also building their flower farm. But as time went on, they realized that they were happiest when they were working on their farm. They began to spend more and more time on it, and eventually decided to leave Toyota altogether to focus on their flower farm full-time.

This decision was not an easy one, as they had to give up a steady income and the security of a job. But they knew that their happiness was more important than their financial stability. And in the end, it was worth it. They were able to turn their passion into a successful business, and were able to live their life on their own terms.

In conclusion, it's important to prioritize your own happiness and find fulfillment in what you do. While it's important to work hard and strive for success, it's equally important to take time for yourself and pursue your passions. Whether it's starting a flower farm or pursuing a different career altogether, the key is to find what brings you joy and fulfillment.",1
" I believe that the school should maintain its sports policy as it provides a sense of purpose and motivation for many students. The policy serves as a way to keep students engaged and focused on something positive, which helps them stay away from negative behaviors. If the policy were to be changed, students may feel lost and unsure of their identity, leading to a lack of direction and purpose in their lives. Additionally, the policy provides students with an opportunity to develop important skills such as teamwork, leadership, and sportsmanship. These skills are not only beneficial in sports but also in other areas of life, such as work and personal relationships. Therefore, I strongly advocate for the school to maintain its sports policy and continue to provide students with these valuable opportunities.",1
" It is true that some schools allow students to bring their cell phones for educational purposes. However, it is also true that some students use their phones for non-educational purposes such as cheating on tests, texting friends for answers, and getting sidetracked for no reason. Some students even draw the attention of their peers to what they are doing.

Teachers may allow cell phone use in the classroom, but they may not always be aware of what is happening. Students who use their phones openly are more likely to be caught, while those who try to hide them may still be seen by other teachers. Some students may even sneak a glance at their phones or pockets while in class, despite the teacher's efforts to keep them focused.

Parents may receive complaints from the school if their child is found to have their phone out in class. They may have to go to the school to pick up their child's phone, and the child may try to steal it back to avoid getting in trouble. Despite the parents' warnings, the child may continue to use their phone in class, leading to further consequences.

In conclusion, while some students may use their cell phones for educational purposes, others may use them for non-educational purposes. Teachers and parents must work together to ensure that students are using their phones appropriately and not causing distractions in the classroom.",1
" Learning new languages and embracing challenges is something that many people enjoy. There are 67 different languages spoken in the world, and approximately 8.9% of the global population speaks Vietnamese. Vietnamese is considered one of the hardest languages to learn, but with dedication and practice, it can be mastered.

As someone who is fluent in Vietnamese, I have found it to be a valuable skill that has allowed me to communicate with others and even teach my friends the language. I am able to translate between English and Vietnamese, which has been particularly helpful when traveling with family members who do not speak the language.

One of my favorite things about learning and speaking Vietnamese is the sense of accomplishment that comes with mastering a new language. It has also allowed me to connect with others who speak the language, whether it be in Vietnam or elsewhere in the world.

In addition to the personal benefits, learning Vietnamese can also be helpful in a professional setting. It can open up new job opportunities and allow for better communication with colleagues or clients who speak the language.

Overall, I believe that learning Vietnamese is a valuable skill that can benefit anyone looking to challenge themselves and broaden their horizons. Whether you are planning a trip to Vietnam or simply looking to learn a new language, Vietnamese is definitely worth considering.",1
" It is said that we all have the freedom to be ourselves, but in reality, many people let others control them. This is a common theme in literature, where characters often struggle to find their own identity and independence. One such character is Ralph Waldo Emerson, who wrote ""To be yourself in a world that is constantly trying to make you something else is the greatest accomplishment.""

In this essay, I will explore the importance of individuality and why it is better to be individual than to be anything else. I will argue that individuality shows us that not everything should be given to us, and that it is a sign of our own development. I will also discuss the benefits of being individual, such as increased self-confidence and a greater sense of self-worth.

Firstly, individuality is what makes us who we are. Each of us has our own unique way of being, our own name, and our own way of looking at the world. We are just our selves, and no one can change us. This is what makes us special and sets us apart from others. When we embrace our individuality, we are able to be true to ourselves and not let others define who we are.

Secondly, individuality shows us that not everything should be given to us. If we want something, we must work hard for it. This is a sign of our own development, as it shows that we are capable of taking care of ourselves and not relying on others to do everything for us. When we are individual, we are able to take control of our own lives and make our own choices.

Thirdly, being individual can be liberating. It can happen to anyone, such as a child who learns to do things on their own or a person who moves out of their parents' house and gets their own home. It can be a challenging but rewarding experience, as it allows us to discover our own strengths and abilities. When we are individual, we are able to feel free and unencumbered by the expectations of others.

Finally, being individual can give us a greater sense of self-worth and self-confidence. When we value ourselves and our own accomplishments, we are able to feel proud of who we are and what we have achieved. This can be empowering, as it allows us to face any obstacles that come our way with confidence and determination",1
" The advancement of technology has brought about significant changes in our daily lives, making it easier and more convenient for us to access information and connect with others. While technology has its benefits, it can also be used as a tool for negative purposes, such as cyberbullying, hacking, and human trafficking. In this essay, I will argue that the elimination of human contact due to technology is a positive thing, as long as we use it responsibly.

One of the main advantages of technology is its ability to make our lives easier. With just a click of a button, we can access information, communicate with others, and perform tasks that would have been much more difficult without it. For example, before technology, we would have to write a letter and wait weeks for a response. Now, we can communicate with someone on the other side of the world in real-time, making it easier to stay connected with friends and family.

Another advantage of technology is its ability to make the world a safer place. With the help of cameras, we can now monitor our homes and businesses more effectively, reducing the risk of theft and other crimes. Additionally, technology has made it easier for law enforcement to track and apprehend criminals, making our communities safer.

However, it is important to note that technology can also be used for negative purposes. Cyberbullying, for example, has become a major problem in recent years, with the anonymity of the internet providing a platform for bullies to harass others without fear of consequences. Similarly, hacking and other forms of cybercrime can cause significant damage to individuals and businesses, stealing personal information and disrupting operations.

In conclusion, while the elimination of human contact due to technology can have its benefits, it is important to use it responsibly. We must be aware of the potential dangers of technology and take steps to mitigate them, such as educating ourselves and others about cybersecurity best practices. By using technology in a positive way, we can make our lives easier and safer, while also ensuring that our communities remain safe and secure.",1
" In recent years, schools have been exploring new ways to use technology, including cell phones, for educational purposes. While this approach may seem appealing to educators and students alike, it has its drawbacks. In this essay, I will argue that using cell phones in the classroom for educational purposes has several negative effects on student learning.

Firstly, the use of cell phones in the classroom can lead to distractions and off-task behavior. Students may become too focused on their phones and not pay attention to the teacher's instructions. This can result in a lack of engagement and reduced learning outcomes. Additionally, students may use their phones to access social media, play games, or text their friends, further reducing their focus on the lesson at hand.

Secondly, the use of cell phones in the classroom can limit hands-on learning opportunities. Students may rely too heavily on their phones to access information and complete tasks, rather than engaging in hands-on activities that promote critical thinking and problem-solving skills. This can lead to a lack of creativity and innovation in the classroom.

Lastly, the use of cell phones in the classroom can promote a culture of dependency on technology. Students may become too reliant on their phones to complete tasks and may struggle to function without them. This can be problematic in situations where technology is not readily available, such as during power outages or emergencies.

In conclusion, while the use of cell phones in the classroom may seem like a promising approach to education, it has several negative effects on student learning. Schools should consider alternative methods of teaching that promote engagement, hands-on learning, and critical thinking skills, while also limiting the use of technology in the classroom. By doing so, we can ensure that our students are receiving a well-rounded education that prepares them for success in the future.",1
" In today's fast-paced world, many of us are constantly weighing the pros and cons of working with a group or working alone. As students, we all strive to achieve our academic goals and make the most of our time in class. However, there is a debate on whether working with a group or working alone is more beneficial in terms of concentration and productivity.

In my opinion, both working with a group and working alone have their advantages and disadvantages. Working with a group can be beneficial because it allows for collaboration, sharing of ideas, and support from peers. It can also be more enjoyable, as it provides an opportunity to socialize and interact with others. However, working with a group can also be challenging, especially if there are communication barriers or differing opinions.

On the other hand, working alone can be beneficial because it allows for greater focus and concentration on the task at hand. It can also be a more personal experience, as it allows for greater self-reflection and introspection. However, working alone can also be isolating, and it can be difficult to overcome obstacles or seek help when needed.

In conclusion, the decision to work with a group or work alone ultimately depends on the individual and their goals. While both methods have their advantages and disadvantages, it is important to find a balance and make the most of the opportunities available. Whether it's working with a group or working alone, the key is to put in the effort and focus on achieving academic success.",1
" In today's society, many people agree that having a simple goal and achieving it is better than having a huge goal and failing to achieve it, but I disagree. One of the greatest artists, Michelangelo, said that setting our aim too low and achieving it is a great danger for some of us. He stated this thought because he failed and made mistakes before he was known as a great artist. Michelangelo rather fail by doing something big than his life than doing something small and achieving it. I agree with Michelangelo because you learn from past mistakes, you learn to take risks, and having bigger goals help you improve ones self.

Michelangelo is a great artist because of his work, but he learned from his own work to keep moving forward. People can learn from past mistakes by seeing what went wrong and practice doing better at it; for example, in a show called Masterchef, chefs must impress the judges by their skills in cooking but one chef gets eliminated every episode. When a chef gets eliminated their dreams may get crushed, but they had the courage to go on and did their best and can learn what they did wrong. Another example is taking the permit test as a teenager. The permit test is something big for teens since it is something related to their future. When I took the test I was nervous and failed by one question, but i checked the answers I got wrong and studied them a bit more and passed the next time I took it. These examples prove that you have the ability to learn from past mistakes, grow as a person, and that you might have to take risks in doing so.

Taking risks are mostly involved in big decisions that involve jobs, education,etc. I believe that taking risks are better than small decisions even if those risks don't turn out the way you wanted them too. In a show called Shark Tank, people come in to persuade investors to invest in their products, but they do not always succeed. The people who do not get investments keep moving forward and take their own risks to get a investor. If you learn to take risks, you later get use to it and you can speak more in front of people and state your opinion. Another example is having a meeting for a job. It is best to have a meeting in person than online because it is not as easy so you get challenged and the person interviewing can know you better and you can most likely",1
" Life can be a source of endless enjoyment if we learn to appreciate the simple pleasures that surround us. Whether it's the thrill of scoring a goal in a game, the satisfaction of getting a high score on a test, or the excitement of accomplishing something for the first time, there are countless ways to find joy in life.

As we grow older, we learn new things and gain new experiences that can bring us joy. For example, adults have the ability to travel and explore new places, and they also have more financial freedom to pursue their passions. However, with this freedom comes responsibility, as adults must work to support themselves and their families.

Despite the challenges that come with adulthood, there is always room for imagination and play. Whether it's reading a book, listening to music, or playing a game, we can all find ways to tap into our inner child and experience the joy that comes with it.

It's important to remember that life is short, and we should strive to make the most of every moment. This means trying new things, exploring new hobbies and interests, and making memories with the people we care about. By doing so, we can live life to the fullest and experience the joy that comes with it.",1
" ""I've always dreamed of becoming a musician, but as I got older, I realized that there were many other career paths I could explore. High school and the opportunities it provides can make it difficult to choose a career that aligns with my interests and passions. That's why I'm interested in this program - it will help me explore my options and make an informed decision about my future.

While many of my peers have already decided on a career path, I'm still trying to figure out what I want to do with my life. This program will give me the opportunity to learn about the skills and requirements necessary for various careers, and help me narrow down my options. I believe that by gaining a better understanding of what I'm passionate about, I'll be able to make a more informed decision about my future.

I think that talking to someone who has already achieved success in the field I'm interested in would be incredibly helpful. It would give me a better understanding of what it takes to succeed in that career and help me determine if it's the right path for me. Additionally, it would give me the opportunity to ask questions and get advice on how to achieve my goals.

I understand that there would be a dedication required to get to where I want to be, and I'm willing to put in the work. With the skills I've already learned in high school, I know I have the ability to manage my time effectively and balance my career and personal life. I believe that with your help, I can take the next step towards achieving my goals.

I hope that you'll consider giving me the opportunity to explore my options and find the right path for my future. I'm excited about the possibility of becoming a successful musician, but I know that there are many other career paths that I could explore. I'm willing to put in the work to achieve my goals, and I believe that with your help, I can do just that.""",1
" In the years, Thomas Jefferson was the President, many people lost their jobs or did not get employment, leading to poverty and starvation. People who lived in the past had jobs that were hard and required a lot of labor, with little pay for their families. The jobs were not just for earning money, but also for gaining experience to teach children and form a better future for themselves and their families.

In today's world, technology has made jobs easier and more accessible. People can now work remotely and have more time for family and leisure activities. However, children today often do not understand the importance of getting a job and earning money for their future needs. They spend more time playing games, socializing with friends, and using electronic devices, instead of learning valuable skills and spending time with their families.

As parents, it is important to teach children the importance of getting a job and earning money. It not only provides financial security, but also helps them develop a sense of responsibility and independence. By doing so, parents can ensure that their children have a brighter future and avoid falling into negative habits such as addiction and crime.

Furthermore, the jobs we have today have been influenced by cultures and countries around the world. By learning about different jobs and cultures, we can gain a broader perspective and become more open-minded individuals.

In conclusion, jobs are essential for our lives, as they provide financial security and a sense of purpose. By teaching children the importance of getting a job and earning money, we can ensure that they have a brighter future and avoid falling into negative habits. Additionally, by learning about different jobs and cultures, we can become more open-minded individuals and contribute to a more diverse and inclusive society.",1
" Dear Principal,

I believe that policy #1, which prohibits the use of cell phones during school hours, is an effective rule that allows students to have fun during lunch time. This policy is beneficial for students because it gives them the opportunity to engage in activities that they enjoy, such as playing games, listening to music, or reading. Additionally, students can use their phones to call their parents to pick them up or to bring something they forgot at home.

However, I also believe that it is important to have a cell phone in school for emergency purposes. For example, if a student needs to call for help or to inform their parents of an emergency situation, they should be able to do so during school hours. Additionally, students can use their phones to communicate with their teachers or to ask for clarification on an assignment.

Furthermore, I understand that some students may need to use their phones after school to make arrangements for transportation or to communicate with their parents. In these cases, it is important to have a clear policy in place that allows for the use of cell phones after school hours.

In conclusion, I believe that having a cell phone in school is important for emergency purposes and to communicate with teachers and parents. However, it is also important to have a policy in place that allows for the use of cell phones during lunch time and after school hours.

Sincerely,

[Your Name]",1
" The advancements in technology have revolutionized the way society functions, providing numerous benefits that have made our lives easier. However, as with all human creations, technology has its positive and negative impacts on individuals and communities. The negative impacts of technology are particularly evident in the younger generation, who are at risk of becoming addicted to technology, losing the opportunity to interact with others, and becoming lazy.

One of the most significant negative impacts of technology is the addiction it can cause. While technology can be a great tool for entertainment, it is easy to become consumed by it, leading to a loss of productivity and a decrease in social interaction. This is especially true for children, who may spend hours playing video games or scrolling through social media instead of engaging in outdoor activities or building meaningful relationships with others.

Another negative impact of technology is the loss of face-to-face communication. With the rise of social media and other forms of digital communication, people are increasingly relying on technology to communicate with others. This can lead to a decrease in personal interactions and a loss of the ability to read nonverbal cues, which are important for effective communication.

Finally, technology can also make people lazy. With the ability to access information and entertainment at the touch of a button, people are increasingly relying on technology to do things that they could do themselves. This can lead to a decrease in physical activity and a lack of problem-solving skills, which are important for personal growth and development.

In conclusion, while technology has brought numerous benefits to society, it is important to be aware of its negative impacts, especially on the younger generation. By limiting our use of technology and prioritizing face-to-face communication and physical activity, we can mitigate these negative impacts and ensure that technology continues to be a positive force in our lives.",1
" It is common to judge people based on their first impressions, but it is not always accurate. The first impression of a person is often based on their appearance, but it is not always the case that what you see is what you get. People's personalities, situations, and the way they present themselves can all affect their first impressions.

One of the biggest factors that can affect a person's first impression is their personality. People are different, and their first impressions are often based on their personality. For example, someone who is shy may put up a reserved and quiet front when meeting new people, making their first impression seem different from their true personality. On the other hand, someone who is outgoing may appear to be confident and extroverted, but may actually be uncomfortable showing their true self.

Another factor that can affect a person's first impression is their current situation. People may be going through difficult times, such as a recent loss or a stressful period in their life, which can create a barrier between them and others. In these situations, setting a good first impression may not be at the top of their list of important things to do.

In my own experience, my first impression of someone is often based on their appearance and personality. For example, when I first met my best friend, I thought she was odd and didn't talk to many people, but then I realized that I was the same way. I was shy and put up a reserved front when meeting new people. However, as I got to know her better, I learned that she was an outgoing person who was just uncomfortable showing it at first.

In conclusion, while first impressions can be useful in certain situations, they are not always accurate. People's personalities, situations, and the way they present themselves can all affect their first impressions. It is important to remember that first impressions are not always the truth and that getting to know someone better is the best way to understand their true character.",1
" I think Churchill's statement holds true. If success comes too easily, it can be easy to take for granted and not appreciate the hard work and effort that went into achieving it. Some people believe that they are invincible and will never fail, but I have always taken a different approach. I believe that failure is a valuable learning experience that can help us grow and improve.

In my experience, failure has been a crucial part of my journey to success. In my country, Vietnam, people often say that failure is the key to success. I have certainly experienced this firsthand. I have failed many times in my life, but I have always learned from my mistakes and continued to work towards my goals.

For example, when I was younger, I was really passionate about cooking and wanted to learn how to make a particular dish. I asked my mother for instructions, but of course, I made a lot of mistakes along the way. I wanted to give up, but I was determined to succeed. So, I continued to practice and eventually, I was able to make the dish perfectly.

In conclusion, I believe that failure is not something to be feared, but rather something to be embraced. It is a valuable opportunity to learn and grow, and can ultimately lead to greater success. As Churchill once said, ""Success is not final, failure is not fatal: it is the courage to continue that counts.""",1
"Cars. Cars have been around since they became famous in the 1900s, when Henry Ford created and built the first ModelT. Cars have played a major role in our every day lives since then. But now, people are starting to question if limiting car usage would be a good thing. To me, limiting the use of cars might be a good thing to do.

In like matter of this, article, ""In German Suburb, Life Goes On Without Cars,"" by Elizabeth Rosenthal states, how automobiles are the linchpin of suburbs, where middle class families from either Shanghai or Chicago tend to make their homes. Experts say how this is a huge impediment to current efforts to reduce greenhouse gas emissions from tailpipe. Passenger cars are responsible for 12 percent of greenhouse gas emissions in Europe...and up to 50 percent in some carintensive areas in the United States. Cars are the main reason for the greenhouse gas emissions because of a lot of people driving them around all the time getting where they need to go. Article, ""Paris bans driving due to smog,"" by Robert Duffer says, how Paris, after days of nearrecord pollution, enforced a partial driving ban to clear the air of the global city. It also says, how on Monday, motorist with evennumbered license plates were ordered to leave their cars at home or be fined a 22euro fine 31. The same order would be applied to oddnumbered plates the following day. Cars are the reason for polluting entire cities like Paris. This shows how bad cars can be because, of all the pollution that they can cause to an entire city.

Likewise, in the article, ""Carfree day is spinning into a big hit in Bogota,"" by Andrew Selsky says, how programs that's set to spread to other countries, millions of Columbians hiked, biked, skated, or took the bus to work during a carfree day, leaving streets of this capital city eerily devoid of traffic jams. It was the third straight year cars have been banned with only buses and taxis permitted for the Day Without Cars in the capital city of 7 million. People like the idea of having carfree days because, it allows them to lesson the pollution that cars put out of their exhaust from people driving all the time. The article also tells how parks and sports centers have bustled throughout the city uneven, pitted sidewalks have been replaced by broad, smooth sidewalks rushhour restrictions have dramatically cut traffic and new restaurants and upscale shopping districts have cropped up. Having no cars has been good for the country of Columbia because, it has aloud them to repair things that have needed repairs for a long time, traffic jams have gone down, and restaurants and shopping districts have popped up, all due to the fact of having less cars around.

In conclusion, the use of less cars and having carfree days, have had a big impact on the environment of cities because, it is cutting down the air pollution that the cars have majorly polluted, it has aloud countries like Columbia to repair sidewalks, and cut down traffic jams. Limiting the use of cars would be a good thing for America. So we should limit the use of cars by maybe riding a bike, or maybe walking somewhere that isn't that far from you and doesn't need the use of a car to get you there. To me, limiting the use of cars might be a good thing to do.",0
"Transportation is a large necessity in most countries worldwide. With no doubt, cars, buses, and other means of transportation make going from place to place easier and faster. However there's always a negative pollution. Although mobile transportation are a huge part of daily lives, we are endangering the Earth with harmful greenhouse gases, which could be suppressed.

A small suburb community in Germany called Vauban, has started a ""carfree"" lifestyle. In this city, markets and stores are placed nearby homes, instead of being located by farend highways. Although Vauban is not completely carfree, 70% of Vauban families do not own cars Even a large 57% of families stated to have sold their cars to move to Vauban. Some families have even said to be less stressed depending on car transportation. Cars are responsible for about 12% of greenhouse gases, and can even be up to 50% in some carintensive areas in the United States.

Another insight to reduced car zones brings Paris' incident with smog. Paris' officials created a system that would in fact lower smog rates. On Monday, the motorists with evennumbered license plates numbers would be ordered to leave their cars at home, or they would suffer a fine. Same rule would occur on Tuesday, except motorists with oddnumbered license plates were targeted with fines. Congestion, or traffic, was reduced by 60% after five days of intense smog. Diesel fuel played a huge part in this pollution, having the fact that 67% of vehicles in France are of Diesel fuel. The impact of the clearing of smog, resided in banning the Tuesday rule of odd license plates.

Could you imagine a day without seeing a single car being used? This phenomenon occurs once a year in Bogota, Colombia. With the exception of buses and taxis being used, cars are to be left unattended for an entire day. Having a carfree day just once a year can even reduce the pollution slightly. The day without cars is part of a campaign that originated in Bogota in the mid 1990s. This campaign has renewed and constructed numerous bicycle paths and sidewalks all over the city. Parks and sports centers have also sprung from this campaign. Devoting your time to a carfree lifestyle has it's hassles, but in hindsight, it has it's benefits.

To conclude, living a carfree lifestyle does not seem like a possibility in this day and age, however managing the use of cars and pollution is something every country should take time investing in. Think about how much of an impact it would be if everywhere worldwide would take part in airpollution reduction. Mobile transportation is lifestyle in a sense, and being dependent on cars or other means of transportation can impact the health of the Earth and even ourselves.",0
"""America's love affair with it's vehicles seems to be cooling"" says Elisabeth rosenthal. To understand rosenthal's perspective, it is easier to suggest that America's car usage is decreasing slowly. This isn't necessarily bad in the sense that it has certain positive effects. The advantages of limiting car usage includes an increase in security and health, along with a decrease in pollution and dependence.

Firstly, when car usage is limited security and health is more likely to be guaranteed. The feeling of being secure is highly important to individuals everywhere. For example, many people in colombia used public transportation during a car free day ""leaving the streets of this capital city "", according to Andrew Selsky, ""eerily devoid of traffic jams"". The complications that stem from traffic jams end with a feeling of confidence. The plan to get from point A to B was more simple just a second ago. This complication in your personal plans leads you to become stressed as a feeling of doubt overcomes all thoughts. If car usage was limited, there would be a control on how much traffic accumulates thus minimizing chance of stress. As Heidrun Walter states ""when i had a car i was always tense. I'm much happier this way"". not only does car usage minimize conditions detrimental to health, it also enlarges your capacity for exercise. The main purpose of the car is to get someone from one place to another. when an important job takes over your personal life, it becomes difficult to do things most enjoyed in life. limits on car usage forces you to stay in shape. According to Andrew Selsky ""parks and sports centers also have bloomed throughout the city"". Less cars means healthier and natural situations. With parks and sport centers becoming more efficient, it becomes easier to find a more physically active population. Overall, less usage on cars minimizes stress and increases health.

Secondly, limting car usage becomes beneficial to the environment. Now a days people have become annoyed with others who care so passionately about the environment. If you look behind their constant cries for action, there are solid facts. Yespollution is bad for the environment. Yes a bad envorment means unhealthy living. Yes cars are one of the main contributors to pollution in the environment. A pattern of less car usage, as Elisabeth Rosenthal states ""will have beneficial implications for carbon emissions and the environment"". The less use of cars, the less pollution in the environment. One must observe limiting car usage as an opportunity to create a cleaner world and better future. The effects of pollution in the environment is completley dangerous and we, the car users, are to blame.

Additionally, it would lower the dependence on cars. Many people today find that their car is so useful. While it has many features and is a form of transportation, many do not figure what they would do if they did not have such a possesion. The development of people and their interaction with technology has left a wide gap between historic, natural ways and what is thought of as modern society. Being dependent is not always good for individuals. As david goldberg says ""all our development since world war II has been centered on the car, and that will have to change"". Many people could disagree and wonder why it is necessary to change our ways especially if we are so highly devloped. If being developed means being dependent on a harmful machine, then it could not be effective devlopment. According to Elisabeth Rosenthal ""cashstrapped americans could not afford new cars, and the unemployed were't going to work anyway"". Many people can't have the precious luxury of private transportation in the first place. Those who have had it have become distant to a more natural society. Peope have become so use to having cars that they have become oblivious to the significant effects. With limits on car usage , these effcts could be controlled.

To conclude, the advantages of limiting car usage is an increase in health, along with a decrease in pollution, and less dependence on cars. limiting car usage is a positive way to enfore an organized and clean environment, and ensure health and security of those who live in it. This is one reason America can be reffered to as a succesful country. It is not that America has decreased use of vehicles, but the fact that they have done what is best for majority.",0
"How often do you ride in a car? Do you drive a one or any other motor vehicle to work? The store? To the mall? Have you ever thought about how many people in the world do that exact same thing travel to every destination using a fuel powered motorvehicle. Not many people realize the intensive damage that they're doing when they turn their key in the ignition. What if you didn't drive to work today? If you're like any regular car user, the thought ""What?! I could never survive without my car!"" may run through your mind. It is possible though, to live without your main mean of transport. Just look at cities like cuban, Paris, and Bogota each one has in some way restricted their people's usage of cars and they actually enjoy it! If you limit your car usage, it can intern result in many advantages and benefits in yourself and in your community.

A not so recognized benefit to giving up your car usage would be the positive consequences it has on your health. In source 1, Heidrun Walter states that ""When he had a car, he was always tense. He's much happier without it."" Think about it, imagine all the angry road rage you experience while driving. That surely does not have a positive effect on your mood or health. Driving takes a copious amount of focus and mental activity, such as, trying to navigate, dealing with bad drivers, etc., that after a short period of time, you're stressed out and tired. In cities like New York and Paris, the population is high. This leads to congestion in the streets and excessive amounts of pollution. Warm layers of air, according to Robert Duffer in ""Paris bans driving due to smog,"" traps the car emissions. How is that healthy? He also states that Paris had to enforce a temporary driving ban after the pollution levels reached an all time record. After a few days of less driving the pollution went way down. Since people aren't driving, they have to find other means of transport. This could include walking, biking, or skating to destinations. Those are all physical excercises! Your body is getting to work out and you'll mentally feel fresher more than you would sitting in a car.

Taking a break from driving also can help with the overall look of your city. Pollution doesn't cause the flowers to grow. It certainly doesn't smell nice. It sets a filter over the town and gives off a ""dirty"" vibe. With less driving, there is less nasty pollution being emitted, therefore leading to a cleaner community. In Elisabeth Rosenthal's article, ""In German Suburb, Life goes on Without Cars,"" she gives the good point that since there is a restriction on car and motor vehicle transportation, there is going to be more walkers. If you have tons of people taking the sidewalks instead of the roads, you might need a few more pathways and closer stores that are in walking distance. Andrew Selsky states that ""Parks and sports centers have bloomed throughout the city uneven pitted sidewalks have been replaced by broad, smooth sidewalks... and new restaurants and upscale shopping districts have cropped up."" As stated previously, pollution is not benefiting the environment. Organizations such as the Envronmental Protection Agency in the U.S., are promoting ""car reduced"" communities, says Rosenthal. These communities have far less pollution and are much cleaner. Cities are also promoting this idea and are having days devoted to ""nocar driving."" In Bogota, Colombia, they hold an anual ""carfree"" day where only buses and taxis are permitted. Any other drivers would be fined. Although fining someone for using a posession they own might ruffle some feathers, it did have a successful turn out and significantly reduced the ""smog."" In conclusion, although the idea of giving up our precious automobiles for walking to our destination might sound impossible, it's not. Reducing our driving can lead to many benefits and advantages in our daily lives. These include an increase in health, an improved look to our cities, and an improved environment all around us.",0
"Cars are a wonderful thing. They are perhaps one of the worlds greatest advancements and technologies. Cars get us from point a to point i. That is exactly what we want isnt it? We as humans want to get from one place to anther as fast as possiile. Cars are a suitaile to do that. They get us across the city in a matter of minutes. Much faster than anyhting else we have. A train isnt going to get me across the city as fast as my car is and neither is a puilic ius, iut those other forms of transportation just might ie the way to go. Don't get me wrong, cars are an aisolutly amazing thing iut, mayie they just cause way to much stress, and mayie they hurt our environment in ways that we don't think they will. With a ius or a train you do not have to worry aiout washing your car or getting frustrated when stuck in a iad traffic jam on I4. Also there is not as much pollution in air hurting our environment. You might not think so, iut there are many advantages to limiting our car usage.

One advantage that not only humans would ienefit from, iut also plants and animals is that there would ie a lot less pollution in the air hurting out environment. Right now our cars give off gases that are extremely harmful towards our environment. These gases are called green house gases and come out of the exhaust pipes in our cars. Your car alone docent give off much gas iut collectively, our cars give off enormous amounts of gases. This is especially true in iig cities like France. In France, their pollution level was so high it was record ireaking. due to that france decided to enforce a partial ian on cars. This is descriied in the second article "" Paris ians driving due to smog"", iy Roiert Duffer, "" On Monday motorists with evennumiered license plates were orderd to leave their cars at home or suffer a 22euro fine 31. The same would apply to oddnumiered plates the following day."" After France limited driving there congestion was down iy 60 percent. "" Congestion was down 60 percent in the capital of France"". So after five days of intense smog, 60 percent of it was clear after not using cars for only a little while. Even across the world in Bogota, columiia they are limiting driving and reducing smog levels. In the third article ""carfree day is spinning into a iig hit in Bogota"", iy Andrew Selsky, it descriies the annual carfree day they have to reduce smog. "" the goal is to promote alternative transportation and reduce smog"". So all over the world people are relizing that without cars, we are insuring the safety and well ieing of our environment.

The second advantage that would come with limiting car use is less stress. Everyone knows that driving a car causes emence amounts of stress. Getting caught in traffic is a major cause of stress in someones life. having to repeating wash your car just to get it dirt again causes stress. Having people in the iack of your car screaming and yelling all while music is ilasting, causes stress. So oiviously driving causes stress. If we were to limit our car usage we would not ie as stressed as we usually are. There would ie no traffic, no car washes and no one screaming in a small confineded space. In the first article "" In German Suiuri, life goes on without cars"", iy Elisaieth Rosenthal, a citizen named humdrum Walter, states "" When i had a car i was always tense. I'm much happier this way"". So with out the stress of a car humdrum Walter is a looser and happier person, less stress equals happier person. In the third article, "" Carfree dai is spinning into a iig hit in Bogota"", iy Andrew Selsky, it states "" It's a good opportunity to take away stress..."". If we have the opportunity to take away stress, why not take it. It is a huge advantage in our lives to limit driving if it takes away stress. No one wants stress, no one needs stress, and if we have an opportunity to take some of the stress away, take that opportunity.

In conclusion, there are many advantages to limiting car use, one ieing theat we get to help the environment and two ieing that it helps reduce stress. Our environment is already screwed up in so many ways, if we can help it to iecome the healthy environment it once was, then do it. Stress is proven to impare your personal health, no one wants to ie unhealthy and no one wants stress in their life. If you want the environment to get ietter and you want to reduce stress in your life then take this advantage and impliment it. Some might not think that this is an advantage, iut i just explained that it is a clear advantege that has ieen proved to help the enviornment and reduce stress. Limiting car use is a very effective advantage that really does work in more than one place.",0
"The electrol college system is an unfair system, people don't have the right to select their own president, they dont have the right to select a president. Because, when people vote they are technically voting for the electors for a candied. That candidate can be a democratic or a republican. In source two it states that electors can choose there opposing candidate. Which declines the the whole voting process. Why do we vote? we vote to select a leader who will defend this country and make america a place of opportunity. The most important reason why the electrol cllege is unfair because of the "" winners it take all"" rule.

We as american people cannot choose their own government, as it says in source two, that when voters vote they are voting for the candidates electors. Each state gets one vote and then the electors can choose who they want for president. In source two it states that the electoral college consists of 538 electors and the most amount of electoral votes is 270, in order to pick an president. Also in source two it states that the number of electors we have equals to the amount of members of congress we have. I propose a new system by only letting the American people select our president by votes counted all up by each state, for example if we didn't have have electoral college, then it would be a fair vote because people votes would count the number that adds up with all votes for one candidates that will oppose another candidates and there would be technically no tie it would either ,more or less, but if we still had the electoral college then the vote would not be equally fair because if the majority of a state for example chose republican candidate, then that would be vague because some people choose democratic and there vote did not really count. but without the electoral college, than everyones vote counts and each candidates gets vote from every one, not only electoral.

In source two it says that electoral who have been select by the state can choose their opposing candidtade, which is more disatvantgeing to the american people and america's future. for example if one state candidate was choosen for republican and they were ""faithless"" as it says in source two, and chose the democratic party it would be very unfortunate for the republicans because than there would be no point of the votes the republican supporters have voted for. It only comes once every four years, this is very important to the american people, on choosing who they want for the future of america.

In source two and three it states the rule "" winner take it all"". The votes the other lose the, winning can take it all, that vote that they take from the losing does not count Because the people really didnt mean to vote for the candidate they don't want or the candidate they dont support, its like your money fell on the floor and someone just took it knowing its yours.

In conclusion, the state senators should eliminate the electoral college because they count the majorty votes, and don't count other votes that is not popular as the other candidates vote. also because they can decide vote on an canditate they want based on their opinions and beliefs. and lastly because of the winner takes it all system which is bascially taking the losing candidates electoral votes.",0
"Dear state senator, It is the utmost respect that I ask for the method for presidential election be changed from the electoral college to something more suitable for the opinion of the people. The electoral college is an unfair system to the people, it can allow for individuals to decide what to do with the votes, not by the people of the United States of America.

Revising the electoral college system may seem like a bad idea but the good that could come of it overlies the bad. If the election of a president was based directly by the voters , then candidates could promise money to the people who vote for himher. There could also be other problems with direct democracy such as what would happen in the chance of a tie? Who would break the tie? And how would it be decided fairly. The electoral college shouldn't be removed, but should definitely be revised.

The electoral college permits the power of the electoral votes to go to whoever the choose. The electoral college is unfair to voters due to the winnertakeall system, whichh causes candidates to focus only on states the are ""swing"" states. In the 2000 campaign, seventeen states didn't see candidates at all. The electoral college is an outofdate system and either needs to be replaced or revised.

When running for president, the candidate has a group of electors. With each candidate having their own group of electors, it provides without having to visit each state to nget their vote. The only thing the president is required to do is to wait. In reality, the president doesn't even need to campaign, since the electors in the college votes are what matter. So, the candidate could just bribe the electors for certain states and heshe has that states' vote.

The voters do not vote for the candidates, but vote for the slate of electors. The electors are picked at state conventions, the state party's central committee and sometime the presidential candidates themselves. The biggest issue with the electoral college is the disaster factor. The disaster factor are the potential problems with the system, such as back in 1960 when segregationists in louisiana legislature nearly succeeded in replacing the democratic electors with new electors who opposed John F. Kennedy.

The electoral college is an outdated way of elections. The electoral college puts the power into indivduals' hands not the people. It was created back before the education was nothing close to what it is now. Therefore, the method of voting on representitives who then vote for the presdient is obsolete.",0
"Fellow citizens, cars have become a major role in our daily lives. They have their many excellent uses, however there are advantages of limiting that usage. To name a few are, that it's environmentally healthier and it's less money you have to spend on them. Now let me explain why it's a smart choice to take advantage of limited usage of cars.

Paris recently according to source two article ""Paris bans driving due to smog"" by Robert Duffer came up with a brilliant idea of partial driving ban to clear the air of the city. They took days were only even or odd license plated cars would drive or they would suffer a fine. However public transit was free throughout the week. This promoted less congestion and smog which is much better for the environment by lowering the amount of pollution in the ozone layer. As well as a cheaper way to commute. ""Congestion was down 60 percent in the capital of France, after fivedays of intensifying smog...rivaled Beijing, China, which is known as one of the most polluted cities in the world"". This shows just how out of hand the smog had gotten but with limiting the amount of cars used they managed to clear over half of it! Making the world greener than before.

Meanwhile in places such as Vauban, Germany, the residents went as far as giving up there cars. according to source one article ""In German Suburb, life goes on without cars"" By Elisabeth Rosenthal About 70% of the residents no longer own cars because it's either too expensive to have one on the edge of town and it's generally forbidden in this experiment in the new district. They even go as far as to say that it's better without having one. ""When I had a car I was always tense. I'm much happier this way"" said Heidrun Walter,a resident in Vauban according to the article. People in general, especially the younger generations don't use cars or have liscenes in comparison to older people who are more likely to retain their licenses as the age was shown in research. People now don't care as much as what cars are driven but are more focused to get from point A to point B, it's simply a means of transportation. In source 4 article ""The end of car culture"" by Elisabeth Rosenthal.

When it comes down to it, cars are transportation, but there are plenty of other means of transport that are free or cheaper such as buses, trains, bikes or even car pooling. While at the same time creating less pollution and congestion, making it environmentally healthier.",0
"""It's official: The electoral college is unfair, outdated, and irrational"" Plumer, Source 2. Many do not like the electoral college for these reasons and many others such as it can be a disaster or because it is just plain dumb. Also there are a few reasons why the electoral college should be kept such as avoiding runoff elections or big states, but those not in favor of it out weigh those in favor of it. The people who despise the electoral college are in favor of popular vote since it is the better choice.

For various reasons the electoral college is unfair such as not everyones decisions count just those few people in the electoral college. In a popular vote election everyones vote counts not just those who are considered better than us because they hold authority over people. Those people can also be sneaky and can change votes to be in favor of their choice of president. They will even take bribes sometimes just because they can even though us other people do count.

The system should not even be here today because it is outdated way past our time. ""It's hard to say this, but Bob Dole was right: Abolsi the electoral college!"" Plumer, Source 2 and many others do agree with this statement because it rather true that we do so instead of let a bunch of monkeys run our states and country, but I am pretty sure that sometimes they could even do a better job than those in office right now. "".....over 60 percent of voters would prefer a direct election to the kind we have now"" Plumer, Source 2 every day as we continue that percentage continues to grow and that data was recorded in 2000.

Lastly, the electoral college is irrational like seriously what idiotic person came up with this. I will say this again, but a monkey could of made a better system than this. ""Under the electoral college system, voters vote not for the president, but for a slate of electors, who in turn elect the president........Who are the electors? They can be anyone not holding public office. Who picks the electors in the first place? It depends on the state. Sometimes state conventions, sometimes the state party's central committee, soemtimes the presidential candidate themselves. Can voters control whom their electors vote for? Not always. DO voters sometimes get confused about the electors and vote for the wrong candiate? Sometimes"" Plumer, Source 2 I know this statement says it all because how could one simply not want popular vote after reading this.

I know that electoral college vote can help and not cause problems, but there are more problems while there is one easy fix which is popular vote. ""It's official: The electoral college is unfair, outdated, and irrational"" Plumer, Source 2.",0
"The Electoral College has been kept for centuries, established by the founding fathers and established in the Constitution. I think that the process should be maintained so far, it has worked fine and I do not see any reason to rid of it. The Electoral College should be continued in use because there are at least five main scenarios in which it is helpful and reasonable.

In ways, the Electoral College could be dangerous to use unless you have electors that are completely faithful in their party, and do not take advantage of getting to choose where to place their vote. Basically, voters are voting for a slate of electors, who then elect the president. These electors can go against the people's majority votes and decide who to vote for. It could also be possible that a state sends two slates of electors to elect. If the election was a direct vote, there would be almost no chance for a tie to happen, but with the Electoral College, there is always that possibility. Some states do not even see the candidates because of the majority of the people living there belong to a single party, and the ""winnertakesall"" system completely affects this. If the election were to be a direct vote, the candidates might visit the states in order to gather as many votes as possible. However, many of these reasons that the Electoral college should be abolished are just one time things, so consider the other side of the argument.

Swing states basically decide the election and therefore, they are the most thoughtful voters. They know that they will be the ones to decide the election, so they pay more attention to the news, and the candidates campaigns. The swing states receive the most information and attention from the candidates. Since they will end up deciding, the candidates want them on their side. Many states are already predicted, even before the election, as a majority of them are from one party. These voters think the most about who they want to run our country and who will do the best in that position, so they should be granted the honor of making the decision.

Electoral votes help avoid runoff elections, by reducing the pressure that might complicate the election. Say that our government referred to the direct vote system, with a lesser system known as the Electoral College was for comparison, and during the presidential election, there happened to be a problem with the popular votes versus the Electoral College this complication could be avoided if we used the Electoral College. This has happened with nixon in 1968 and Clinton in 1992, when they both had only a 43 plurality of the popular votes but were winning in the Electoral College.

The Electoral College could be unwanted by many minority voters in states that leaned completely one way. These voters hardly pay attention during the campaign because they know that their vote will hardly make a diffference in their state, but a voter's vote could not swing a complete election, and not the full population voted in the 2012 election. Voters usually just like to express their preference and have it known than decide the vote that will make an election. It is more likely that your vote will count if you are educated in the happenings of the government, and maybe your vote can make a difference.",0
"Dear senator, Retain the Electoral College. The Electoral College consists of 538 electors and a majority of 270 electors is is required to elect the President. Each state has hisher own electors which are chosen by the candidate political party. You should keep the Electoral College because you have certainty of outcome, and the President is everyones not just yours.

The first reason why you should stay with the Electoral College is because you are certain that the outcome will be in favor of one of the candidates. A tie in the nationwide electoral vote may happen but it is very unlikely that it will even though that 538number of electors in the Electoral College is a even numberS.3.For example in 2012's election, Obama received 61.7 percent of the electoral votes compared to 51.3 percent of the popular cast for him and rodney because all states award electoral votes on a winnertakeall basis even a slight plurality in a state creates a landslide electoralvote victory in that stateS.3. However,because of the winnertakeall system in each state,candidates dont spend time in staes they know they have no chance of winning, they only focus on the close,tight races in the ""swing""statesS.2. But, the winning candidates share of the Electoral College invariably exceeds his share of the popular vote.

The second reason you should keep the Electoral College is because the president is everyone's. The Electoral College requires a presidential candidate to have transregional appeal. No region has enough electoral votes to elect a president by themselves. So for example,a solid regional favorite,such as rodney was in the South,has no incentive to campaign heavily in those states for he gains no electoral votes by increasing his plurality in states he knows for sure that he will winS.3.A president with only his regional apppeal is very unlikely to be a successful president. The residents of the other regions may feel like there votes dont count or that he really isnt there president.

In conclusion, you should stay with the Electoral College simply because you most likely not going to have a tie and because the president is everyone's.",0
"""When I had a car I was always tense. I'm much happier this way."" Heidrun Walter source 1. For many years, people have depended on cars to take them places and allow them to live a normal life. However, the recent decline in driving and car sales has proven that there are many advantages to limiting car usage. Limiting car usage would help reduce the greenhouse effect, would help reduce smog and other lowair pollution, as well as helping promote aspects of the eeconomy which differ from purely car sales and transportation.

To begin with, the greenhouse effect, a large part of which is caused by cars and their emissions, is endangering not only our environments and ecosystems, but also life as we know it. According to source 1 In german Suburb, Life Goes On Without Cars, passengers car are the cause of 12% of greenhouse gas emissions in Europe and also responsible for approximately 50% of emissions in certain parts of the US. Setting restrictions would allow for a decline in emission of greenhouse gases, which in turn would better life on Earth. Its effects could be seen all over the world, such as in global warming, rising oceans, etc. Therefore, limiting car usage would have a positive effect, because it would reduce the emission greenhouse gases.

Equally important, the presence of smog, pollutioncaused fog, and lowair pollution is also endangering the wellbeing of humans and other species health, as well as the wellbeing of the Earth, so to speak. According to source 2 Paris bans driving due to smog by Robert Duffer, ""After Days of nearrecord pollution, Paris enforced a partial driving ban to clear the air of the global city."" after setting restrictions for five days, Paris saw an improvement in air quality. We can thus infer that setting restrictions regularly would help reduce the pollution and general smog of the area. Placing restrictions would help promote various means of transportation, such as public transportation, bikes, walking, etc. An example would be the one from source 3 Carfree day is spinning into a big hit in Bogota in this case, a day during which a capital city places restrictions of the use of cars, helps build a campaign, which allows for bike paths, parks, and sport centers to be created and for sidewalks to be repaired. It has also led to restrictions to regulate rushhour traffic. Clearly, reducing and limiting car usage can not only reduce smog and lowair pollution, but can also help create a more active city.

Finally, limiting car usage may promote different aspects of the eeconomy. According to source 1, the transportation bills in the US budget have, in the past, been used, for the most part, for highways. Reducing car usage may allow for certain parts of the US budget to be used for more important and diverse things, such as education, government funding, community life, and many more. Also, limitations on car usage could help conserve resources, allowing people to place their money into different aspects of their lives, like it is explained in source 4. Moreover, the less people can use their cars, the less people will buy cars source 4: ""Demographic shifts in the driving population suggest that the trend may accelerate. There has been a large drop in the percentage of 16 to 39yearolds getting a license"". This will help people focus on rebuilding the economy. Obviously, there are economic advantages to limiting car usage, such as availability for flexibility in the government budget, conserving money, and the rebuilding of the eeconomy.

To conclude, there are various advantages to limiting car usage limitations may help improve the eeconomy, will help reduce the emission of greenhouse gases, and will help reduce the lowair pollution and smog often found in largely populated areas.",0
"Voting for a president is one of the most important decisions you can make. This person you vote for will be changing the country for better, or for worse. Electoral colleges are a way to see what each of the states want, although some people don't seem to like it. However, I believe it is a good way to see the majorities of the states, which will take account for the majority of the country.

Some people say that electoral colleges aren't a good way to determine which president is good for the country. They say that it's nondemocratic. source 3 However, you are still voting for the person you want. The people are still making a great contribution to the decision. Because in the big picture, your vote really does count. It's a lot better than not being able to contribute at all. Of course things can be better, but the thing is everything can be better in some way. Theres no such thing as something that can't be improved in some way. And there is obviously no way at all that you will be able to please everyone. So I think the electoral college is a good way to average up all the votes.

While there are a lot of variables in this system, it would be difficult to come up with a more solid way. The main complaint is that people think that this system is not a good way to show who the people really want. However, I think this is is not true. You are voting to get the electoral college votes for the president you think will do a better job guiding the country. Your vote truly does count. It adds more chance of the electoral college voting for your side. It shows that all the states are one, and the majority vote shows what side the people of the state want. And that seems like a nice idea to me.

Some of the counter arguments for electoral colleges is that the bigger states get more recognition. And this is true, but isn't that how it should be? Theres more people in the bigger states, so there will be more votes. However, they all count the same, so they don't really get any special advantage. The electoral college is a fair way to really show what the country wants, and some people don't like it, and I think this is a normal occurance.

The electoral college is a good way to show what all of the states want, by putting the majority vote into account to put electoral votes to show what president should be the leader of the country. There are admittedly some problems to it, but I think there would be even more problems with putting it to a popular individual vote. Every system has it's quirks, but overall, the electoral college is a great way to put all of the votes into account, and it's very more organized in the long run. It may not work for everyone, but honestly, nothing can.",0
"dear senator, I have come to a conclusion on how I think the president and his candidates should be voted for. In one hand we've got the Electoral College, and the election by popular vote. These two thing have been around for hundreds of years but you've got to know if you prefer one or the other. So which one works better? Why do you prefer this one over the other?

The Electoral College, electors meeting and voting for our president and vice president. This electoral college consist of 538 electors that vote to for our president. I myself dont think this is a very sensible thing. Because when you think you're voting for the president you are actually voting for a state of electors who will in turn vote for the president not you. Why should there be a select few people out of the billions of people who live in america to vote for the president while we just sit and wait for the results. To only have their opinions voiced. Does'nt seem like a very fair way to elect someone who will be changing our country. This is a winnertakeallsystem.

Election by popular vote, this means you and I will be voting for the president and his cabinet ourselves. That we will have a say in who we want to change or even fix our country. Although the person we vote for may not win, we still got a say in what we believe would have made our country a better place. Although the Electoral College might give a more clear winner, if we know that our vote will actually have an effect in the election we might pay more attention to the election and vote more wisely. Knowing that we have voiced our preference rather than knowing maybe one single electoral vote might have set the election.

Now there are some benefits if the Electoral College. In the case of having a precise vote on who gets to be president is one. Also maybe the fact that you voted fo the people who will be electing the president in a way is just the same. However this does notmean that it is better than you just voting yourself. Because those are onlyabout the two thing that are evn remotely good about the Electoral College.

So when you decide who you want to be president think of how you would like your vote to be heard. through your own vote or maybepossibly through anothers vote. I know which system i would choose. Giving that it would give me more voicein the matter.",0
"Everyone wants to go to the park with their children or grandchildren, or maybe just take a nice walk. With the way we live now everything will be too polluted because alot of people drive cars and dont take the bus,walk, or carpool. Yes, people should limit their car usage. They should limit their uses because owning a car is expensive, it promotes the use of walking and public transportation, and it reduces smogpollution.

Owning a car is more expensive then you think. In a city such as Vauban in Germany that has only two places to park, a large parking garage, and a develment where the car owner needs to buy the spot for forty thousand dollars along with a home. In places like Bogota, Columbia on their national car free day all violaters will be fined twentyfive dollars. It may not seem like alot, but it all adds up at the end of the day. In places like Paris motorist with even numbered license plates receive a twentytwo euro fine 31, and the following day motorist with odd numbered plates received the same fine. Almost four thousand drivers were fined. those are just instances where fines have occurred, other expenses are gas. Some people who are wealthy and have money won't be impacted by this the same way an average family with three children will.

Most people take public transportation for granted. Imagine if we didn't have busses, trains, and subways. Imagine having to drive to New York City instead of the subway. It is not a pretty thought. In places like Bogota, Columbia that has a national day without cars people use public transportation or walk, unless they want a twentyfive dollar fine. According to Mayor Antanas Mockus "" The rain hasn't stopped people from participating."" Cities such as Cali and Valledupar have also done what Bogota has done, and Municipal authorities from other countries came to see the turnout, and they were enthusiastic. New York is promoting a bike sharing program that allows people to ride bikes through the city and return them at any location. ""me. Sivaks's son lives in San Francisco and has a car, but takes the Bay Area Rapid Transit when he can even though it often takes longer then driving."" Even though some people don't take public transportation beacuse they are too cool for it, they might just need to in order to save the place they live.

Have you ever wondered why you can hardly see the stars at night? It's not because they aren't there, but it is beacuse the smoke from the pollution and smog is covering the view. After days of nearrecord pollution Paris has enforced a partial driving ban to clear the air of all the polution. Congestion of the smog only went down sixty percent in five days. The reason was of diesel fuel which is more used because france has a tax policy that favors diesel over gasoline. Places like Bogota, Columbia who have a day without cars have a day for pollution and smog to be reduced, and places like Vauban, Germany who only have cars on the main thoroughfare virtually have no smog or pollution beacuse they don't allow cars in homes. Even though it's a hassle to change everything to do it, but by just doing one thing a time they are helping the enviroment.

Now that we see and know that the people of Vauban, Germany live with no cars, and the people of Bogota, Columbia have a day with no cars. those places don't have as much pollution such as Paris who had to ban driving so they can reduce pollution. We know that in Vauban you can park the car for forty thousand dolalrs, or get fined for driving on the one day you are asked not to. All thoose reasons only promotes public transportation or walking. So yes, people should limit there use of cars because it is expensive, it promotes the use of walking and public transportation, and it reduces smogpollution.",0
"There are many advantages to limiting car usage in our community. Other countries such as France, Germany, and Colombia are home to cities that are working towards cutting down the use of personal automobiles. Many of the people in these places find that using alternative transportation means proves to be less stressful. Studies even show that fewer Americans are purchasing cars for themselves. Now is the perfect time to join in with Vauban, Bogota, and New York and spend less time in our cars.

It may seem hard to believe, but in Germany, there's a suburban area where residents live without their own cars. According to ""In German Suburb, Life Goes On Without Cars"" by Elisabeth Rosenthal, the streets of Vauban, Germany remain ""carfree"" aside from some public transport. The article states that ""70 percent of vaughn's families do not own cars, and 57 percent sold a car to move here."". Heidrun Walter was quoted in the excerpt saying ""When I had a car I was always tense. I'm much happier this way..."" Communities in Europe and the United States are hoping to move towards this ""carfree"" lifestyle, in order to become less dependent on automobile usage and cut back on greenhouse gas emissions that damage the environment. We may see an increase in the number of ""smart planning"" areas across the globe. If a mass of citizens wish to lessen the amount of time they spend in their cars, it's possible, and the city can adapt to a more automobileless way of life.

Bogota, Columbia dedicates a day to transportation without the use of personal cars, where the city's goal is ""...to promote alternative transportation and reduce smog"". Many who visit Bogota during this time are impressed by the ""revolutionary change"" they see unfold before their eyes. Going ""carfree"" leads to more physical activity amongst residents and an overall nicerlooking community. ""Carfree day is spinning into a big hit in Bogota"" by Andrew Selsky claims ""Parks and sports centers... have bloomed throughout the city... sidewalks have been replaced by broad, smooth sidewalks... restaraunts and upscale shopping districts have cropped up."". Not only does the city reduce the amount of greenhouse gas it contributes to the atmosphere, but it results in a more active and betterlooking community.

What change would we see in our own community were we to follow in the footsteps of Bogota and Vauban? The United States is seeing a decrease of car ownership in the country. Less and less people are buying automoblies and obtaining driver's licenses. ""The End of Car Culture"" by Elisabeth Rosenthal says that ""...America's love affair with its vehicles seems to be cooling."" The writer cites investment research company Doug Short of Advisor Perspectives, which states ""...the number of miles driven in the United States peaked in 2005 and dropped steadily thereafter..."" The country is already subconsciously moving towards a more carindependent lifestyle. The millenial generation seems to be the biggest contributor to this declined interest in carownership. With improved methods of communication by means of social media and cellphones, as well as more use of carpooling and public transportation, people are staving away from car commuting. While this may require a change within the automobile industry, many agree that this turning away from private car usage will see communities striving to be more time and energy efficient when it comes to transportation.

Limiting the use of cars can lead to a less polluted and stressful environment, more exerciseoriented and upscale communities, and the conservation of our natural resources. Cities around the world are working to become less cardependent, so that they may limit their contribution of greenhouse gases to the atmosphere. Were our community to move towards this more ecofriendly, carfree way of life, we would not be alone.",0
"dear state senator, i believe that we should abolish the electoral college and just leave up to popular vote. The electoral college should be abolished because it is unfair, and it poses a threat to the U.S constitution.

The electoral college is unfair because it takes away the democratic way of society that our founding fathers set up. In the United States of America we leave it up to the people to vote but if the people of the united states vote someone in an he doesn get to run the country because the electoral college decided differently then we should not be called a democracy. For example in the 2000 election with Al Gore and Gorge W. Bush, the people of the united states voted for Al Gore, but due to the electoral college Bush won the election. in the passage The Indefensible Electoral College it says ""Over 60% of voters would prefer a direct election to the kind we have now."" what does that tell you? more then half of the USA would prefer a people vote instead of both!

furthermore, I believe we should due away with the electoral college because it poses a threat to the U.S constitution. when i say this i mean it is a threat to the citizens of the USA. the people of the united states were thought to vote our president in? but if the majority of voters vote for someone an the other opponent wins then where is the democracy in that? also in the article The Indefensible Electoral College says ""oh what if a state sends two slates of electors to congress? it happened in hawaii in 1960. Luckily, vice president Richard Nixon, who was presiding over the senate, validated only his opponent's electors."" imagin if that happens again an someone doesn notice that? then there will be double slaters an there bound to vote for the same candidate so that will be an easy state to win for that candidate. The electoral college is nothing but problems.

In conclution, The electoral college should be abolished because it is unfair, and it poses a threat to the U.S constitution. You make your conclution based on this Mr.",0
"Transportation has become one of the largest emissions throughout the world, and many do not seem to wonder how beneficial limiting car usage can be. Not only does the release of fossil fuels harm the world, but the stress that comes with having a vehicle is immense. When considering ownership of a vehicle, one must think about the pros and cons of owning one, and realize that the limited pros... are not worth the cons.

Cars, trucks, and buses have many factors in common, but one in particular is hazardous to mother nature... fossil fuels. Fossil fuels are harming our territory, the place where life has been made possible, Earth. At the streak we are going, soon enough us humans, the domain species won't have a home due to the pollutants vehicles release killing the Ozone Layer. We have become accustomed to the abuse of transportation. Even when we are capable of walking or using a bike to a nearby location, we choose to use a vehicle instead of avoiding the damage that is caused. Paris enforced a partial driving ban to clear the air of the city, ""Congestion was down 60 percent in the capital of France, after fivedays of intensifying smog..."" Source 2 states. Their are many ways to distinguish transportation, but one very adequate description is ""a death wish"".

The stress that comes with the ownership of any transporting vehicle surpasses what anyone can bare! The economic standards one needs to posses is difficult. In, Vauban, Germany, one can have a car under the circumstances of paying 40,000 for a parking space, along with your home, source 1 explains. Your car needs to be fed in order to function, and it's food is quite pricey, especially when it hoards gallons of the substance! In addition, one needs to pay for insurance swell! Dangers in streets are not abnormal whatsoever, so the stressfulness that one has behind their back while driving is not enjoyable.",0
"We live in a world where the only way to get from place to place is to use a car. If we were to limit the amount of car usage all around the world we would be living in a much better place. Imagine how much pollution is going into the air as we use our cars, many people all around the world use their cars to get from their home to work or from work to home. All the pollution that is going into the air is affecting us and the way we live our everyday lives.

In the city of Bogota Columbia they have a ""Car Free Day."" This program is set to spread to other countries in the next few years. During the event of car free day millions of columbians hiked, biked, skated or took buses to work or to their home. This caused the streets of the capital city to devoid all the traffic jams that they normally would have with the cars on the road. You would think the turnout would be extremely small for this event but no it was definitely not a small turnout. The turnout was large, despite gray clouds that occasionally dumped rain showers on Bogota. ""The rain hasnt stopped people from participating,"" said Bogota Mayor Antanas Mockus. The goal is to promote alternative transportation and reduce smog. Imagine if the United states were to have a ""Car free day"" not many people would actually come and be apart of the event due to the fact that having cars is one of the most important things to have living in the United States.

In other countries or cities the people are worried about the air pollution that is going into our atmosphere. In the city of Paris, officials feel the same way about the citizens of there city using there car way to much and polluting the atmosphere. After days of nearrecord pollution, Paris enforced a partial driving ban to clear the air of the global city. Not many people agreed with this ban when it started. Almost 4,000 drivers were fined, according to reuters. Twenty Seven people had their cars impounded for their reaction to the fine. Except there are some advantages to this ban, congestion was down 60 percent in the capital of france. But the smog rivaled Bejing, China, which is known as one of the most populated cities in the world. Having rules or banning certain things like a partial driving ban could have a good turnout or a really bad turnout with the citizens of that particular country or city.

However, some people may say that limiting car usage or banning certain things like driving won't help at all. They may state that banning something will make people rebel against it especially if it's with their car, and if that is how they get from place to place. Recent studies suggest that Americans are buying fewer cars, driving less and getting fewer licenses as each year goes by.""Different things are converging which suggest that we are witnessing a longterm curtural shift,"" said Mimi Sheller, a sociology professor at Drexel University. With all these changes, people who stopped car commuting as a result of the recession may find less reason the resume the habit. Poeple in the Untied States have begun to decrease the use of cars in every state which means that everyday our atmosphere becomes less polluted.

Living in a world where cars are everyone's number one priority is horrible. Using a car is one of the main reasons why our earth is extremely polluted. Limiting the amount of car use has it's negative side and it also has it's positive sides. Could you imagine what it would be like to have a nonpolluted earth or living a better life by using bikes, skates or even just walking to places would be like. Limiting car usage would be the best thing anyone could ever do to make the earth a better place.",0
"The long list of benefits that comes from limited car usage are mostly based on where you live and how much you do your part. Laws and restrictions have been arriving across the entire world to see the effects of having little or no automobiles in the community. Other countries that have an intense cloud of smog need to ban car use in the millions at a time to help settle down the atmosphere there.

Life without cars today can be very well described in Elisabeth Rosenthal's article In German Suburb, Life Goes On Without Cars. In her article she describes how the community is shaped and condensed in order to make travelling to necessary places easy through walking or bike riding distance. This is the kind of turn around that the world needs as well. With the amount of pollution happening, this is a good experiment that will hopefully spread all over the planet.

The amount of pollution affecting certain cities across the world is getting rather out of hand. In Robert buffer's article Paris bans driving due to smog , he talks about the intense pollution over France's capital, resulting in the partial ban of almost of the amount of cars on the road at once. Those who violated the ban's rules were fined, and thousands of cars were impounded as well due the the reaction of citizens when they received the fine. In paragraph 14 of the article, Duffer states that "" Congestion was down 60 percent in the capital of France , after five days of intensifying smog."" The ban clearly worked, showing that it was indeed the heavy number of vehicles on the road all at once.

Programs all across the world have gotten people in the millions to find other methods of travel that did not cause any pollution. Columbia is a huge example as shown in Andrew Selsky's article Carfree day is spinning into a big hit in Bogota. In the article, Selsky specifies about how millions of Columbians have taken alternative modes of transport, whether it be hiking, biking, or skating as opposed to general driving. Even on account of rain, the citizens found ways to get about without using their cars. This is making Bogota a more human and social place as well, as Selsky states, "" Parks and sports centers have also bloomed throughout the city uneven, pitted sidewalks have been replaced by broad, smooth sidewalks."" This event is happening for the good of the people and of the planet, and it seems like everyone is okay with that.

With the way our world is rapidly changing with a new generation and new technology, we are going to have to adapt from our old habits. Young adults are not seeing the full necessity of buying a vehicle when they can get to where they need to go by other means that are less expensive and less harmful to the environment. The need for everyone to have a car is slowly going down. It may never completely go away, but it is reducing greatly.",0
"The system of the Electoral College is a widely argued debate as to if it should be continued or if it should be gotten rid of. The electoral system shouldn't be used as a system of voting, who honestly wants to vote for someone who will vote for you, and if we are truly a state thats votes for its own president then why doesn't the popular vote count as the official vote?

The Electoral College is a system that is rather unfit as a system of the people's voting. When you vote for your president, you're really just voting for who you think should vote for them. The article ""Does the Electoral College Work?"" states, ""...when you vote for your candidate you are actually voting for you candidate's electors."" The Constitution states that we are able to vote for our president, but then what do you call this? This is not an example of what America stands for, and this is certainly not the voting system that is described by our nation's properties. There is another issue with this violation of rights concerning our voting system, it's how the Electoral College votes and how dependable they are. The article ""The Indefensible Electoral College: Why even the bestlaid defenses of the system are wrong."" talks about how you can't control who the electoral you chose vote for. ""Can voters control whom their electors vote for? Not always."" This statement helps prove that the president you may want may not even get you vote. The Electoral College not only takes away your right to assuringly vote for the president of your choice, but it also takes away right personal voting right as an American. Don't let someone else detain your freedom of speech, let you personal voice be heard by the people.

While the Electoral College may seem like a sure fire way to assure that we get a president, that doesn't really mean the majority wants that president. Think about it, we don't always get the president we voted for. Popular vote doesn't really matter, it's like saying you voice doesn't matter to the government. They took away the right as an American they gave you in the first place. Popular vote should replace the Electoral College. There have been instances where the popular vote reined supreme, but the Electoral College didn't agree. In the article, ""The Indefensible Electoral College: Why even the bestlaid defenses of the system are wrong"" it mentions an election where Al Gore lost even though he won the popular vote. ""...according to a Gallup poll in 2000, taken shortly after Al Gorethanks to the quirks of the electoral collegewon the popular vote but lost the presidency..."" This helps show the people that it seems our vote isn't what is truly important, it's only what the Electoral College does that makes a true impact on choosing of president for the next two years. It's even stated in the very same article that, ""...over 60 percent of voters would prefer a direct election to the kind we have now."" If our vote truly matters then why not vote on keeping the Electoral College in play or getting rid of the flawed system once and for all.

The Electoral college is claimed to keep the voting system in line and prevent major mess, however this is not truly the case. There will still be flaws, but this is not the correct way to fix it. Listening strictly to the people's vote is what Amercia was built on and as an American I would like to see a change and let my voice be heard. If I want to vote I will vote, I don't want to vote on someone voting for me.

The Electoral College is unfair, unjust, and unamerican. The system takes away our right to vote for who we want not who we want to vote for us. If you are a true American you will understand why I know this is flawed. The Electoral College is not a proper way to handle our votes it must be a vote decided completely by the people of Amercia.",0
"Dear Senator, Many people might agree theat we shouldn't have an Electoral College at all, since most of thee time it doesn't seem to work at all since of instead just voting on thee person or candidate you would prefer, you instead vote for a slate of electors instead of thee preferred candidate. This is not thee case, however, and in fact, thee Electoral College does seem to function. It can be proven in two simple reasons on why thee Electoral College still works certainty of outcome and thee simple fact theat it's everyone's president.

Foremost, thee certainty of outcome can easily prove why thee Electoral College still works. If we even do go to a system where we actually vote for popular vote, it would work as well as we do right now withe thee Electoral College, since theere will be more disputes on popular vote thean on thee Electoral College. In Richard A. poster's article on thee defense for thee Electoral College, he states in his first reason on why theeir would be much dispute over popular vote thean on thee Electoral College, and why it's less likely to happen on a Electoral College. He states ""The reason is theat thee winning candidate's share of thee Electoral College invariably exceeds his share of thee popular vote."" It's true, after all theat thee Electoral College's votes exceed over thee popular votes. It could be also said theat even if thee government actually switches to popular vote, we know it would work since it does not exceed how on Electoral College votes go, which can be also seen as a simpler process of voting. On anotheer note, in some cases, theere can be ties between two candidates, as seen in 1992's Election between Nixon and Clinton on thee popular vote. To summarize, thee certainty of outcome is far greater in thee Electoral College ratheer thean thee popular vote due to sheer number of votes in thee Electoral College.

On a second note, thee fact theat thee american people can vote enough theat it's everyone's president is anotheer reason on why thee Electoral college does work. The Electoral College works by havng thee winner win transregionally ratheer thean just focus on just on region theat just favors theem and only theem. So instead of one region getting thee candidate theat prefers and focuses on only theem, everyone can have a candidate theat will focus largely on thee nation's issues ratheer thean just a specific part ot thee country. For example, let's say theat thee largest population of people in a regon in thee United States is thee southe not saying it is or isn't, it's just an example. The southe is mainly republican, so theey will only vote for a republican theat will focus majorly on thee southe. It is unfair for thee rest of thee regions, such as thee Northeeast, Middle, Pacific, and otheer regions of thee United States, since theey are mainly democratic not really, it is used as an example who would want focus on theeir region as well, too. In Bradford plumber's article on why thee Electoral College should be gone, he states theat thee electoral college is unfair to voters, since most candidates did not botheer withe thee states theey know theey have no chance of winning at all. There could be an easy counter argument against theis, since theose states have probably already made up theeir minds on who to vote for, like a democratic candidate visiting Texas where it's mainly republican, theey know who Texas is going to vote for, theere is no use in trying to convince theem when theey have already made up theeir minds, same goes if a republican candidate tries to convince thee democratic California, theey already know theere is no use in reasoning and convincing when someone has already made up theeir mind. Also, someone can easily counterattack most of thee arguments brought up in the plumber's article, since theis was written before thee 2004 election, and it has been a decade already, plenty of theings could've changed during thee course if ten years in politics. In order to make a greater argument against thee electoral college, one must have an updated list of facts in order to back it up, as certain theings could've changed during a certain course of a decade. During thee course of a decade, we seen how affective thee electoral college was during thee 2004 elections people who disagreed during thee 2004 elections and also agree theat thee electoral college doesn't work at all have to see thee events theat transpired before thee 2004 elections and thee promises made before it also, thee 2008 elections again, if thee people disagreed on how thee electoral college worked at theat time, you would need to look at how people saw change during theat time and thee amount of younger citizens voting at theat time, and thee 2012 elections as well also again, if disagreeing withe thee electoral college is reasonable at theat time, you would need to look at how people reacted at theat time and how different events before thee election affected thee outcome. In a final note, thee electoral college is thee vote on thee people's president is true, and witheholds it since it can focus on ratheer thean on one specific region, but thee nation as a whole.

In summarization, thee electoral college should be kept due to thee simple reasoning of certainty of outcome and thee voting on thee people's president. The reasoning of certainty of outcome can be applied here is due to thee simple fact theat thee votes for thee electoral college are far more greater thean thee votes for popular vote, same goes to thee voting on thee people's president, since it focuses on thee entire nation ratheer theat just one region of thee country. Senator, we should be able to keep our electoral college, as it proves effective during thee recent elections, and can certainly prove itself useful and reliable during thee next elections to come.",0
"In the old world, people didn have car's, they did everything on foot. They got food, ran errands, and just to get out of the house with the family. So how come now adays people are so dependent on their car's. Places around the world are implementing rules or laws now to stop people from abusing the car.

Since the car was invented it has always had the same issue, not the engine or the interior, but the environmental issue. And now that people around the world are realizing that, they have created rules and laws to ban or reduce the usage of cars. A community in Germany called Vauban have given up their car's to help the environment, and people love it. ""When I had a car I was always tense. I'm much happier this way,"" said Heidrun Walter, a mother of two.

Paris ""The Love City"" in France has Banned cars because of the high amount of smog it creates. After the law was placed, only after five days, congestion was down 60 percent.

Paris has the most smog compared to any other European capitals, they had to do this or the smog would take over the city. And since the ban has been posted, smog has been clearing and is now much more limited in the area.

Major cities like New York were built in a narrow way, so its more congested when too many people are driving, and the buildings are much closer together so its more continent to walk or bike to places rather than drive. New York has implemented a new bikesharing program, and it is a hit. And around the nation a similar program is the carsharing program. It encourages people about car pulling, it is when multiple people go to work or school in the same car, it puts less cars on the road and has plentiful benefits. Like less carbon dioxide in the air, less traffic, and saves on gas money.

Bill Ford, an executive chairman of the Ford Motor Company, pitched a plan to live in a world that owning a personal car was impractical. He proposed to partnering with telecommunications industry to make a city or many where the ""pedestrians, bicycle, private cars, commercial and public transportation traffic are woven into a connected network to save time, conserve resources, lower emission and improve safety."" Banning cars around the world isn't a solution because they are more continent than taking a train or walking, but their needs to be a cut down on the amount we use a car, we abuse it. Eventually all the greenhouse gases might end up destroying the planet we live on. But their are solutions, implementing a world day were we dont use cars would help tremendusly, their are other means of getting around other than car. For example Biking is a great form of excersice and will get you to were you need to be faster than walking, while getting in shape at the same time.",0
".

The Electoral College is a very controversial topic when it comes to electing a president. Many people think it's a system that works fine, while others think it's a complete disaster. When it comes down to it, the Electoral College is a compromise between electing a president through congress and electing president by popular vote. In the past the Electoral College has caused problems in presidential elections and it can easily cause more problems that are much more severe than what we've seen in the past. America is all about democracy, so why don't the citizens get complete control by being able to elect their president directly? It's about time that the government finds a system that works better and gets rid of the Electoral College once and for all.

The electoral College has many flaws, a major one being that voters don't actually vote for their president, they vote for electors, and the electors are the ones who elect the president. You may ask yourself, ""What's wrong with this? One way or another we're still choosing the candidate we want."" While that is somewhat true, the system has many kinks that need to be fixed causing errors in the process. One example of this is the ""winner takes all"" rule. An excerpt from ""The Indefensible Electoral College"" says ""... the electoral college is unfair to voters. because of the winner take all system in each state, candidates don't spend time in states they know they have no chance of winning, focusing only on the tight races in the ""swing"" states"". At a basic level, this means candidates will only focus on some states, and giving up on others. In fact, the same article also says ""During the 2000 campaign 17 states didn't see the candidates at all..."" The facts prove it it, the Electoral College is a flawed, and unfair system, and it needs to be dealt with.

Another huge problem with the Electoral College is called ""the disaster factor"". According to Bradford Plumer, "" The American poeple should consider themselves lucky that the 2000 fiasco was the biggest election crisis in a century the system allows for much worse."" Plumer then explains how in Louisiana the legislature almost replaced the democratic candidates with some who opposed John F. Kennedy so that the popular vote wouldn't go to him, but rather someone else. This is a fine example of how corrupt this system can become if someone actually manages to pull something like this off. Other problems like a state sending two slates of electors to congress, or a tie in the electoral vote can happen, and there are some solutions to these problems, but why even go through them when a new system can be created altogether?

People like Richard A. Posner argue that we should keep the Electoral college. Posner believes that the Electoral College balances the weight between big and small states. The Electoral College gives big states less electoral votes and smaller states more to balance things out. I don't see this as balancing anything. Now the smaller states have an advantage over the bigger states, so you still have the same problem you began with. Posner also argues that voters in toss up states are more likely to pay attention to campaigns, but Plumer clearly contradicts this in his article. He states ""... seventeen states didn't see the campaign at all, including Rhode Island and South Carolina, and voters in 25 of the largest media markets didn't see a single campaign ad."" The proof is irrefutable, the Electoral College has it's loop holes which seem fairly easy to get through. The system is outdated, it's time for a new system to take its spot.

I stand my ground when I say the Electoral College should ber abolished. The people should have full control over the election of our president, and even if that's not possible, the system is very corrupt. While some still agrue that the Electoral College is working fine, the proof shows it isn't. It either needs to be renewed or replaced altogether.",0
"Dear Florida State Senator, Although many could argue that the Electoral College is a fair system of deciding the president, far too many people consider it nondemocratic and inefficient for it it continue being our way of electing our leader. A new system of election must be created to make up for the pitfalls that are inevitable in the Electoral College. A country that is supposed to be a democracy does not have the voting system that such a proud democracy deserves.

Defenders of the College may say that the possibility of a tie is very low or that the electors chosen are confirmed not to betray the wants of the voters, but just because the possibility is low does not mean you can simply allow the flaws in the voting system to exist. A small hole in a fabric can only grow bigger, and the same goes for our electoral college. If we can't repair or replace the fabric that is our Electoral College, soon there will be problems too big for us to deal with in our current state. The electoral voters may keep the public in mind for now, but there have already been cases where electoral voters put their own wants ahead of the public.

One thing that the Electoral College does not promote is the power in the hands of the people. Although people can vote for whatever candidate they want, the elector is the real deciding hand in the process of picking our president. If one wanted to, an elector can completely disregard the decision of the voters and choose who they want. Considering the ratio of electors in some states to people, it seems completely nondemocratic for the votes of some to be more important than the wants of the common people. Some start to feel that they shouldn't vote because their one vote wouldn't have the power to change anything, and wouldn't even ensure the election of the president they want. Another thing that lowers the morale is the absence of candidates in states that can't be won very easily. If a candidate is pretty sure he can't win over a state, he won't visit it because it wouldn't be worth his time. He also wil prioritize large states over small ones because they have more electoral votes. All of these can make a state or person feel as if the election isn't really in their hands, and when people feel like their vote doesn't matter, they don't vote.

Besides the power it takes away from the common man, some could say that the system itself is very inefficient compared to what it could be. Even though it has a very low possibility, the fact is that a tie is possible due to the electoral college having an even number of votes. It would then go to the House of Representatives, who might not even have the want of the people in mind. Since most of the time Congress has a party that makes up a majority of it, it would be very unfair to allow them to pick the president. It's also possible that even if a majority of the people vote for a president, the electoral votes elect the other candidate instead, like what happened to Al Gore in 2000. An election like this just has too many holes and pitfalls to be efficient. The holes need to be repaired before we can actually use this as our primary way to select a president, or else we're setting ourselves up to have problems in the future.

The Electoral College may be functional, but is largely inefficient and is not in the best interest of the common people. The vote for a candidate is not even in the hands in the people, but rather a minority of chosen electors. In a country that prides itself on the power the people have, and the control they have on how their country is run, the people have surprisingly less influence than you would think. We as a people need to speak up against the overrated system that is the Electoral College, and develop a system that fits the needs of a true democracy like America should be.",0
"Thousands of people around the world use cars. It's an allaround good mode of transportation. Unfortunately, the fumes that cars emit are harmful for the environment. There are ways to limit car usage. Limiting car usage has many benefits such us the decrease in greenhouse house gas, the decrease in smog, and resources are conserved.

First off, reducing the usage of cars can cut the amount of greenhouse gas produced dramatically. One can easily cut down on car usage by using other means of transportation such as : riding bike, riding the train, and plain walking. Greenhouse gas emissions are very harmful and are mostly caused by car emissions. Around fifty percent of passenger cars are responsible for these gasses source 1. If we limit car usage we can promote a healthier environment.

Additionally, reducing car usage also cuts down smog. Smog is another deadly gas that isnt just dangerous to the environment, but also to us. Smog is polluted air which can cause sickness. Many cities around the world are increasing in smog due to the overusage of cars. For example Paris almost broke the record for polluted air, which is held by China, one of the most polluted cities in the world source 2. If we reduce the usage of cars, we promote cleaner air for ourselves. Just by limiting the car usage for five days in Paris, the smog went down sixty percent source 2. The advantage of limiting car usage would be cleaner air.

Finally, limiting car usage is beneficial because it conserves resources. If we dont rely on cars, we could make cities more compact source 1. Therefore reducing the amount of land destroyed to build malls, highways, and houses. This would save tons of resources that were going to be used on building and natural resources source 4. Limiting car usage would improve life all around.

All in all, the limit on car usage would benefit the environment, it would benefit our health, and it would aid the conservation of resources.",0
"Although numerous amounts of people want to banish the Electoral College, there are more rights than wrongs about it. The Electoral College is in the Constitution for an enormous reason it is a compromise between election of the President by a vote in Congress and popular vote of qualified citizens. This process allows for the people of the nation to have a say and for the elected people of each state to speak even louder for their state. The Electoral College is despised, yet it is the smartest way on how to elect the President.

The Electoral College requires for a president to have transregional appeal. For example, rodney was a solid favorite in the South, but he cannot win with only the votes from the South because no region has enough electoral votes to elect a president. While rodney did not have to campaign much for the South, he had to campaign very heavily in the North to increase his chances of election in those states. This is an amazing result because the people want a president that is liked throughout the nation, so while he is president he can be a hugely successful one. candidates mainly focus on swing states, and dont have a lot of time for states they know they are going to win or lose however, voters in swing states are more likely to pay close attention to the campaign knowing they are the ones to decide the election. These voters in swing states are averagely the most thoughtful voters, and the most thoughtful voters should be the ones to decide the election.

Furthermore, the Electoral College should be kept because it almost always goes in favor of the people. Even though in the 2000 election Al Gore got the popular vote but George W. Busch won the electoral votes, that has not happened since 1888! The party selects a slate of electors trusted to vote for the party's nominee and that trust is rarely betrayed. Many people want to change the election for the President to popular vote, but it would be more likely to have a dispute over the popular vote than in the electoral college. Also, there could be a tie in the nationwide electoral vote because the total number of votes is an even number, but it is tremendously unlikely given that there has never been a tie. Also, the Electoral College avoids the problem of elections in which no canidate receives a majority of the voter's cast.

The Electoral College can be argued to repel potential voters for a canidate who has no hope of carrying their state, for example, republicans in California on the other hand, every voter's vote plays a big part to their state's electoral vote. Voters in presidential elections are people who want to express a political preference rather than people who think that a single vote may decide an election. The Electoral College has worked for more than a century and will keep on working if the people of the nation agree to work with it.",0
"There are many different things that you could do to help out the ecosystem, and reducing your car use is certainly one of them. A study conducted in Europe shows that 12% of greenhouse gas emissions are the result of passenger car overuse. But of course as humans we are bound to resist and not give up things that make our lives easier. Yet there are many alternatives to not driving a car, for example car pool, have family members pick you up, buses, trains, taxis, bikes, etc. As you can see is not a matter of lack of alternatives but a lack of interest in helping out nature and everything that it helps support.

A very important way in which car usage affects our lives is pollution, many places around the world are trying to impose taxes and fines in order to keep people from overrelying on their cars. ""After days of nearrecord pollution, Paris enforced a partial driving ban to clear the air of the global city"", things like this are quite obviously why the ecosystem is not at it's worst yet. One of the most polluted cities in the world Beijing competition for Paris until law enforcers stepped in to resolve the issue. Another city fighting pollution caused by car use is Bogota, who has once again banned it's over 7.2 million population from using their cars on the ""Day Without Cars"" event. The Day Without Cars is an event that if not followed could be penalize citizens most likely monetary fines of around 25 dollars, although some were even arrested for not complying with this method. Described by Andrew Selsky as a ""program set to spread to other countries, millions of Colombians hiked, biked, skated, or took buses to work during this car free day"". Not only is this helping out the rest of the world is bringing people closer as more people go to parks, sport centers and spend time together.

With more bans and restrictions on car usage of course the car usage is destined to decrease but although it might sound terrible it could actually lead to healthier lives. With less cars on the road the air you are breathing will be more pure and healthy and less polluted. More people will have to walk which will decrease heart problems, obesity and other diseases all over the world. If people don't buy cars then companies like Ford, Toyota, Honda and more will make less money and some might run out of business but that will not happen since most people are not ready to make a commitment such as giving up your car. But if cars are not being purchased then they will stop being produced which can lead to a better economy since the government won't be spending billions on gas, diesel and such. Apparently the amount of miles driven by a person yearly has decreased over the last couple of years which has led sociologists to believe that if this pattern persists it will have many beneficial implications for the environment, even though it could have negative implications for car industries as i stated before.

Car usage will decrease since people are driving less and less every year and young people are buying less cars according to a study in 2013 that found that ""driving by young people decreased 23% between 2001 and 2009"". Even though many experts can't be sure yet, the drop in sales and decrease in usage has led many to believe that the U.S. has already peaked in miles driven and possibly car sales. There is no accurate way of predicting whether this will bring completely positive or completely negative consequences. President Obama's ambitious goals to change the greenhouse gas emissions has proven to shift or change the way people act as recent studies show that ""Americans are buying fewer cars, driving less and getting fewer licenses as each year goes by"".",0
"Dear Senator, The Electoral College as controversial as it is can be a very simple choice to either keep it as it is, or to change the voting process to a popular vote process that in which the people vote directly for the President of their choosing. I believe that you should consider changing the Electoral College to a Popular vote voting process for reasons such as, the fact that only ""one half of Americans are voting"" because they do not believe that their vote will count in states such as California and Texas because the voters do not believe that the candidate will carry their state anywhereIn Defense of the Electoral College section 23. Another reason is because of the winnertakeall system the candidates will not campaign as much in states they think they will win over without going there and they focus on the ""swing states"" instead.

Senator, one of the reasons that I believe you should consider changing to the Popular Vote process is because ""only one half of the eligible American population voted in the 2012 election""In Defense of the Electoral College section 23 for reasons I believe is that they do not think that the candidate running will go somewhere with their state and the fact that they do not think their votes will actually count towards the President that they would like to win. Also the fact that segreagationists will try and corrupt the voting process in the Electoral College, i. e. When John F. Kennedy was running for President segregationists tried to replace Democratic Electors with other electors to try and go against Kennedy therefore giving the opponent the upper handThe Indefensible Electoral College Section 11.

Senator, on the contrary I would understand why you would like to keep the Electoral College because of it being a set compromise that the founding fathers created, making voting equal by letting ""qualified citizens in congress"" have the last word into the decision What is the Electoral College Section 1. In a way I see how you would think that the Electoral College is a fair system because the people are still choosing somewhat who the Electoral College elects and the fact that anachronism is a factor that plays into the Electoral College greatlyIn Defense of the Electoral College Section 15. The Electors elected should be trusted truthful people and they are to vote for the nominee in honest fact of who got the most electoral votesIn Defense of the Electoral College Section 16 but sometimes even if the electoral votes are calculated and are higher the popular vote could be higher than the electoral vote even if its a rare occuranceIn Defense of the Electoral College Section 16.

Senator, as you see both sides of this controversy you could also see that the Winnertakeall method is all in all unfair. In the winnertakeall method the candidates that are in the election will take more time to go to the bigger states and try and have ads for their campaign posted in there and not in the littler states they believe they will win without campaigning there. The candidates will focus even more on the ""swing states"" because they believe they will have more luck in those states than the other smaller states. ""Seventeen states didn't see the candidates at all, including Rhode Island and South Carolina, and voters in 25 of the largest media markets didn't see a single campaign ad""What is wrong with the Electoral College Section 13 this fact goes to show that the candidates would rather focus more on the larger states and ""swing states"" than go to the smaller states this makes those smaller states less encouraged to vote because the candidates don't even bother to come to them to campaign.

Senator, in the end I strongly believe that you should think about changing the Electoral College to a Popular Vote process because it will give the voters an incentive for them to vote, for them to decide who wins and who will run their state or country. Power to the People has always been a great thought to keep running around in your brain for me.",0
